"index","route","label","domain","kind","section","public","purpose","data_contract","completion_criteria","current_status"
"1","#/auth-login","Secure Login","account","access","Access","true","Executable Secure Login access route.","Identity and session services.","Renders; exposes loading, empty, error, stale/fallback truth; keyboard and responsive behavior; source metadata where data appears.","executable-existing; governed-shell-migration-applied"
"2","#/auth-register","Create Organization","account","access","Access","true","Executable Create Organization access route.","Identity and session services.","Renders; exposes loading, empty, error, stale/fallback truth; keyboard and responsive behavior; source metadata where data appears.","executable-existing; governed-shell-migration-applied"
"3","#/auth-recovery","Recover Account","account","access","Access","true","Executable Recover Account access route.","Identity and session services.","Renders; exposes loading, empty, error, stale/fallback truth; keyboard and responsive behavior; source metadata where data appears.","executable-existing; governed-shell-migration-applied"
"4","#/account-session","Session Center","account","access","Account","false","Executable Session Center access route.","Identity and session services.","Renders; exposes loading, empty, error, stale/fallback truth; keyboard and responsive behavior; source metadata where data appears.","executable-existing; governed-shell-migration-applied"
"5","#/security-setup","MFA Setup","account","access","Account","false","Executable MFA Setup access route.","Identity and session services.","Renders; exposes loading, empty, error, stale/fallback truth; keyboard and responsive behavior; source metadata where data appears.","executable-existing; governed-shell-migration-applied"
"6","#/passkey-center","Passkey Center","account","access","Account","false","Executable Passkey Center access route.","Identity and session services.","Renders; exposes loading, empty, error, stale/fallback truth; keyboard and responsive behavior; source metadata where data appears.","executable-existing; governed-shell-migration-applied"
"7","#/account-recovery","Recovery Controls","account","access","Account","false","Executable Recovery Controls access route.","Identity and session services.","Renders; exposes loading, empty, error, stale/fallback truth; keyboard and responsive behavior; source metadata where data appears.","executable-existing; governed-shell-migration-applied"
"8","#/secure-import-vault","Secure Import Vault","operations","operational","Operations","false","Executable Secure Import Vault operational route.","Identity, storage, scanner, worker, observability, delivery, or readiness services.","Renders; exposes loading, empty, error, stale/fallback truth; keyboard and responsive behavior; source metadata where data appears.","executable-existing; governed-shell-migration-applied"
"9","#/delivery-operations","Delivery Operations","operations","operational","Operations","false","Executable Delivery Operations operational route.","Identity, storage, scanner, worker, observability, delivery, or readiness services.","Renders; exposes loading, empty, error, stale/fallback truth; keyboard and responsive behavior; source metadata where data appears.","executable-existing; governed-shell-migration-applied"
"10","#/platform-readiness","Platform Readiness","operations","operational","Operations","false","Executable Platform Readiness operational route.","Identity, storage, scanner, worker, observability, delivery, or readiness services.","Renders; exposes loading, empty, error, stale/fallback truth; keyboard and responsive behavior; source metadata where data appears.","executable-existing; governed-shell-migration-applied"
"11","#/secret-rotation","Secret Rotation","operations","operational","Security","false","Executable Secret Rotation operational route.","Identity, storage, scanner, worker, observability, delivery, or readiness services.","Renders; exposes loading, empty, error, stale/fallback truth; keyboard and responsive behavior; source metadata where data appears.","executable-existing; governed-shell-migration-applied"
"12","#/quarantine-review","Quarantine Review","operations","operational","Operations","false","Executable Quarantine Review operational route.","Identity, storage, scanner, worker, observability, delivery, or readiness services.","Renders; exposes loading, empty, error, stale/fallback truth; keyboard and responsive behavior; source metadata where data appears.","executable-existing; governed-shell-migration-applied"
"13","#/staging-assurance","Staging Assurance","operations","operational","Operations","false","Executable Staging Assurance operational route.","Identity, storage, scanner, worker, observability, delivery, or readiness services.","Renders; exposes loading, empty, error, stale/fallback truth; keyboard and responsive behavior; source metadata where data appears.","executable-existing; governed-shell-migration-applied"
"14","#/live-markets","Live Market Command","markets","analytical","Live","false","Executable Live Market Command analytical route.","Market, discovery, instrument, timeseries, or provider service as declared by the route contract.","Renders; exposes loading, empty, error, stale/fallback truth; keyboard and responsive behavior; source metadata where data appears.","executable-existing; governed-shell-migration-applied"
"15","#/calculator-center","Quant Calculator Center","tools","analytical","Tools","true","Executable Quant Calculator Center analytical route.","Deterministic local calculation, indicator, evidence, and optional authenticated persistence services.","Renders; exposes loading, empty, error, stale/fallback truth; keyboard and responsive behavior; source metadata where data appears.","executable-existing; governed-shell-migration-applied"
"16","#/india-finance","India Finance & SIP","tools","analytical","Tools","true","Executable India Finance & SIP analytical route.","Deterministic local calculation, indicator, evidence, and optional authenticated persistence services.","Renders; exposes loading, empty, error, stale/fallback truth; keyboard and responsive behavior; source metadata where data appears.","executable-existing; governed-shell-migration-applied"
"17","#/indicator-library","Indicator Library","tools","analytical","Tools","true","Executable Indicator Library analytical route.","Deterministic local calculation, indicator, evidence, and optional authenticated persistence services.","Renders; exposes loading, empty, error, stale/fallback truth; keyboard and responsive behavior; source metadata where data appears.","executable-existing; governed-shell-migration-applied"
"18","#/formula-library","Formula Library","tools","analytical","Tools","true","Executable Formula Library analytical route.","Deterministic local calculation, indicator, evidence, and optional authenticated persistence services.","Renders; exposes loading, empty, error, stale/fallback truth; keyboard and responsive behavior; source metadata where data appears.","executable-existing; governed-shell-migration-applied"
"19","#/saved-calculations","Saved Calculations","tools","analytical","Tools","true","Executable Saved Calculations analytical route.","Deterministic local calculation, indicator, evidence, and optional authenticated persistence services.","Renders; exposes loading, empty, error, stale/fallback truth; keyboard and responsive behavior; source metadata where data appears.","executable-existing; governed-shell-migration-applied"
"20","#/theme-personas","Theme Personas","experience","public-story","Experience","false","Executable Theme Personas public-story route.","Layout preference service; visual fallback remains local.","Renders; exposes loading, empty, error, stale/fallback truth; keyboard and responsive behavior; source metadata where data appears.","executable-existing; governed-shell-migration-applied"
"21","#/feature-universe","Feature Universe","home","public-story","Experience","true","Executable Feature Universe public-story route.","Public content; optional read-only market service.","Renders; exposes loading, empty, error, stale/fallback truth; keyboard and responsive behavior; source metadata where data appears.","executable-existing; governed-shell-migration-applied"
"22","#/about-qelly","About Qelly","home","public-story","Company","true","Executable About Qelly public-story route.","Public content; optional read-only market service.","Renders; exposes loading, empty, error, stale/fallback truth; keyboard and responsive behavior; source metadata where data appears.","executable-existing; governed-shell-migration-applied"
"23","#/discovery-hub","Discovery Overview","markets","analytical","Discover","false","Executable Discovery Overview analytical route.","Market, discovery, instrument, timeseries, or provider service as declared by the route contract.","Renders; exposes loading, empty, error, stale/fallback truth; keyboard and responsive behavior; source metadata where data appears.","executable-existing; governed-shell-migration-applied"
"24","#/asset-rankings","Asset Rankings","markets","analytical","Discover","true","Executable Asset Rankings analytical route.","Market, discovery, instrument, timeseries, or provider service as declared by the route contract.","Renders; exposes loading, empty, error, stale/fallback truth; keyboard and responsive behavior; source metadata where data appears.","executable-existing; governed-shell-migration-applied"
"25","#/search","Universal Search","markets","analytical","Discover","false","Executable Universal Search analytical route.","Market, discovery, instrument, timeseries, or provider service as declared by the route contract.","Renders; exposes loading, empty, error, stale/fallback truth; keyboard and responsive behavior; source metadata where data appears.","executable-existing; governed-shell-migration-applied"
"26","#/categories","Categories","markets","analytical","Discover","false","Executable Categories analytical route.","Market, discovery, instrument, timeseries, or provider service as declared by the route contract.","Renders; exposes loading, empty, error, stale/fallback truth; keyboard and responsive behavior; source metadata where data appears.","executable-existing; governed-shell-migration-applied"
"27","#/venues","Venues","markets","analytical","Discover","false","Executable Venues analytical route.","Market, discovery, instrument, timeseries, or provider service as declared by the route contract.","Renders; exposes loading, empty, error, stale/fallback truth; keyboard and responsive behavior; source metadata where data appears.","executable-existing; governed-shell-migration-applied"
"28","#/dex-discovery","DEX Discovery","markets","analytical","Discover","false","Executable DEX Discovery analytical route.","Market, discovery, instrument, timeseries, or provider service as declared by the route contract.","Renders; exposes loading, empty, error, stale/fallback truth; keyboard and responsive behavior; source metadata where data appears.","executable-existing; governed-shell-migration-applied"
"29","#/global-charts","Global Charts","markets","analytical","Discover","false","Executable Global Charts analytical route.","Market, discovery, instrument, timeseries, or provider service as declared by the route contract.","Renders; exposes loading, empty, error, stale/fallback truth; keyboard and responsive behavior; source metadata where data appears.","executable-existing; governed-shell-migration-applied"
"30","#/converter","Converter","markets","analytical","Discover","false","Executable Converter analytical route.","Market, discovery, instrument, timeseries, or provider service as declared by the route contract.","Renders; exposes loading, empty, error, stale/fallback truth; keyboard and responsive behavior; source metadata where data appears.","executable-existing; governed-shell-migration-applied"
"31","#/news-research","News & Research","research","research","Discover","false","Executable News & Research research route.","Research, evidence, event, or asset-intelligence service as declared by the route contract.","Renders; exposes loading, empty, error, stale/fallback truth; keyboard and responsive behavior; source metadata where data appears.","executable-existing; governed-shell-migration-applied"
"32","#/trust-center","Trust Center","evidence","research","Discover","false","Executable Trust Center research route.","Evidence, audit, methodology, and provider-status services.","Renders; exposes loading, empty, error, stale/fallback truth; keyboard and responsive behavior; source metadata where data appears.","executable-existing; governed-shell-migration-applied"
"33","#/asset-intelligence","Asset Intelligence","markets","analytical","Intelligence","false","Executable Asset Intelligence analytical route.","Market, discovery, instrument, timeseries, or provider service as declared by the route contract.","Renders; exposes loading, empty, error, stale/fallback truth; keyboard and responsive behavior; source metadata where data appears.","executable-existing; governed-shell-migration-applied"
"34","#/advanced-chart","Advanced Chart Studio","markets","analytical","Intelligence","false","Executable Advanced Chart Studio analytical route.","Market, discovery, instrument, timeseries, or provider service as declared by the route contract.","Renders; exposes loading, empty, error, stale/fallback truth; keyboard and responsive behavior; source metadata where data appears.","executable-existing; governed-shell-migration-applied"
"35","#/fundamentals-estimates","Fundamentals & Estimates","research","research","Intelligence","false","Executable Fundamentals & Estimates research route.","Research, evidence, event, or asset-intelligence service as declared by the route contract.","Renders; exposes loading, empty, error, stale/fallback truth; keyboard and responsive behavior; source metadata where data appears.","executable-existing; governed-shell-migration-applied"
"36","#/filing-workspace","Filing Workspace","research","research","Intelligence","false","Executable Filing Workspace research route.","Research, evidence, event, or asset-intelligence service as declared by the route contract.","Renders; exposes loading, empty, error, stale/fallback truth; keyboard and responsive behavior; source metadata where data appears.","executable-existing; governed-shell-migration-applied"
"37","#/event-calendar","Event Calendar","research","research","Intelligence","false","Executable Event Calendar research route.","Research, evidence, event, or asset-intelligence service as declared by the route contract.","Renders; exposes loading, empty, error, stale/fallback truth; keyboard and responsive behavior; source metadata where data appears.","executable-existing; governed-shell-migration-applied"
"38","#/comparison-lab","Comparison Lab","research","analytical","Intelligence","false","Executable Comparison Lab analytical route.","Research, evidence, event, or asset-intelligence service as declared by the route contract.","Renders; exposes loading, empty, error, stale/fallback truth; keyboard and responsive behavior; source metadata where data appears.","executable-existing; governed-shell-migration-applied"
"39","#/market","Market Overview","markets","analytical","Intelligence","true","Executable Market Overview analytical route.","Market, discovery, instrument, timeseries, or provider service as declared by the route contract.","Renders; exposes loading, empty, error, stale/fallback truth; keyboard and responsive behavior; source metadata where data appears.","executable-existing; governed-shell-migration-applied"
"40","#/rankings","Legacy Rankings","markets","analytical","Intelligence","false","Executable Legacy Rankings analytical route.","Market, discovery, instrument, timeseries, or provider service as declared by the route contract.","Renders; exposes loading, empty, error, stale/fallback truth; keyboard and responsive behavior; source metadata where data appears.","executable-existing; governed-shell-migration-applied"
"41","#/asset","Asset Dossier","markets","analytical","Workspace","true","Executable Asset Dossier analytical route.","Market, discovery, instrument, timeseries, or provider service as declared by the route contract.","Renders; exposes loading, empty, error, stale/fallback truth; keyboard and responsive behavior; source metadata where data appears.","executable-existing; governed-shell-migration-applied"
"42","#/watchlist","Watchlists","workspaces","analytical","Workspace","false","Executable Watchlists analytical route.","Workspace, portfolio, screener, alert, notification, import, or research service.","Renders; exposes loading, empty, error, stale/fallback truth; keyboard and responsive behavior; source metadata where data appears.","executable-existing; governed-shell-migration-applied"
"43","#/alert-center","Alert Rules","workspaces","analytical","Workspace","false","Executable Alert Rules analytical route.","Workspace, portfolio, screener, alert, notification, import, or research service.","Renders; exposes loading, empty, error, stale/fallback truth; keyboard and responsive behavior; source metadata where data appears.","executable-existing; governed-shell-migration-applied"
"44","#/notification-center","Notifications","workspaces","analytical","Workspace","false","Executable Notifications analytical route.","Workspace, portfolio, screener, alert, notification, import, or research service.","Renders; exposes loading, empty, error, stale/fallback truth; keyboard and responsive behavior; source metadata where data appears.","executable-existing; governed-shell-migration-applied"
"45","#/screener-lab","Screener Lab","workspaces","analytical","Workspace","false","Executable Screener Lab analytical route.","Workspace, portfolio, screener, alert, notification, import, or research service.","Renders; exposes loading, empty, error, stale/fallback truth; keyboard and responsive behavior; source metadata where data appears.","executable-existing; governed-shell-migration-applied"
"46","#/portfolio-analytics","Portfolio Analytics","workspaces","analytical","Workspace","false","Executable Portfolio Analytics analytical route.","Workspace, portfolio, screener, alert, notification, import, or research service.","Renders; exposes loading, empty, error, stale/fallback truth; keyboard and responsive behavior; source metadata where data appears.","executable-existing; governed-shell-migration-applied"
"47","#/research-workspace","Research Workspace","research","research","Workspace","false","Executable Research Workspace research route.","Research, evidence, event, or asset-intelligence service as declared by the route contract.","Renders; exposes loading, empty, error, stale/fallback truth; keyboard and responsive behavior; source metadata where data appears.","executable-existing; governed-shell-migration-applied"
"48","#/onboarding","Guided Onboarding","workspaces","analytical","Workspace","false","Executable Guided Onboarding analytical route.","Workspace, portfolio, screener, alert, notification, import, or research service.","Renders; exposes loading, empty, error, stale/fallback truth; keyboard and responsive behavior; source metadata where data appears.","executable-existing; governed-shell-migration-applied"
"49","#/notification-schedules","Notification Schedules","workspaces","analytical","Workspace","false","Executable Notification Schedules analytical route.","Workspace, portfolio, screener, alert, notification, import, or research service.","Renders; exposes loading, empty, error, stale/fallback truth; keyboard and responsive behavior; source metadata where data appears.","executable-existing; governed-shell-migration-applied"
"50","#/formula-screener","Formula Screener","workspaces","analytical","Workspace","false","Executable Formula Screener analytical route.","Workspace, portfolio, screener, alert, notification, import, or research service.","Renders; exposes loading, empty, error, stale/fallback truth; keyboard and responsive behavior; source metadata where data appears.","executable-existing; governed-shell-migration-applied"
"51","#/portfolio-attribution","Portfolio Attribution","workspaces","analytical","Workspace","false","Executable Portfolio Attribution analytical route.","Workspace, portfolio, screener, alert, notification, import, or research service.","Renders; exposes loading, empty, error, stale/fallback truth; keyboard and responsive behavior; source metadata where data appears.","executable-existing; governed-shell-migration-applied"
"52","#/import-center","Import Center","workspaces","analytical","Workspace","false","Executable Import Center analytical route.","Workspace, portfolio, screener, alert, notification, import, or research service.","Renders; exposes loading, empty, error, stale/fallback truth; keyboard and responsive behavior; source metadata where data appears.","executable-existing; governed-shell-migration-applied"
"53","#/research-history","Research History","research","research","Workspace","false","Executable Research History research route.","Research, evidence, event, or asset-intelligence service as declared by the route contract.","Renders; exposes loading, empty, error, stale/fallback truth; keyboard and responsive behavior; source metadata where data appears.","executable-existing; governed-shell-migration-applied"
"54","#/migration-center","Migration Center","operations","operational","Operations","false","Executable Migration Center operational route.","Identity, storage, scanner, worker, observability, delivery, or readiness services.","Renders; exposes loading, empty, error, stale/fallback truth; keyboard and responsive behavior; source metadata where data appears.","executable-existing; governed-shell-migration-applied"
"55","#/theme-lab","Theme Laboratory","experience","operational","Platform","false","Executable Theme Laboratory operational route.","Layout preference service; visual fallback remains local.","Renders; exposes loading, empty, error, stale/fallback truth; keyboard and responsive behavior; source metadata where data appears.","executable-existing; governed-shell-migration-applied"
"56","#/identity-access","Identity & Access","operations","operational","Control","false","Executable Identity & Access operational route.","Identity, storage, scanner, worker, observability, delivery, or readiness services.","Renders; exposes loading, empty, error, stale/fallback truth; keyboard and responsive behavior; source metadata where data appears.","executable-existing; governed-shell-migration-applied"
"57","#/data-mesh","Provider Runtime","data","operational","Control","false","Executable Provider Runtime operational route.","Provider runtime, instrument, timeseries, stream, and entitlement services.","Renders; exposes loading, empty, error, stale/fallback truth; keyboard and responsive behavior; source metadata where data appears.","executable-existing; governed-shell-migration-applied"
"58","#/instrument-master","Instrument Master","data","operational","Control","false","Executable Instrument Master operational route.","Provider runtime, instrument, timeseries, stream, and entitlement services.","Renders; exposes loading, empty, error, stale/fallback truth; keyboard and responsive behavior; source metadata where data appears.","executable-existing; governed-shell-migration-applied"
"59","#/timeseries-lab","Time Series Lab","data","operational","Data Plane","false","Executable Time Series Lab operational route.","Provider runtime, instrument, timeseries, stream, and entitlement services.","Renders; exposes loading, empty, error, stale/fallback truth; keyboard and responsive behavior; source metadata where data appears.","executable-existing; governed-shell-migration-applied"
"60","#/stream-operations","Stream Operations","data","operational","Data Plane","false","Executable Stream Operations operational route.","Provider runtime, instrument, timeseries, stream, and entitlement services.","Renders; exposes loading, empty, error, stale/fallback truth; keyboard and responsive behavior; source metadata where data appears.","executable-existing; governed-shell-migration-applied"
"61","#/observability","Observability Center","operations","operational","Operations","false","Executable Observability Center operational route.","Identity, storage, scanner, worker, observability, delivery, or readiness services.","Renders; exposes loading, empty, error, stale/fallback truth; keyboard and responsive behavior; source metadata where data appears.","executable-existing; governed-shell-migration-applied"
"62","#/decision-provenance","Decision Provenance","evidence","research","Evidence","false","Executable Decision Provenance research route.","Evidence, audit, methodology, and provider-status services.","Renders; exposes loading, empty, error, stale/fallback truth; keyboard and responsive behavior; source metadata where data appears.","executable-existing; governed-shell-migration-applied"
"63","#/security-evidence","Security Evidence","evidence","operational","Evidence","false","Executable Security Evidence operational route.","Evidence, audit, methodology, and provider-status services.","Renders; exposes loading, empty, error, stale/fallback truth; keyboard and responsive behavior; source metadata where data appears.","executable-existing; governed-shell-migration-applied"
"64","#/category-detail","Category Detail","markets","analytical","Detail","false","Executable Category Detail analytical route.","Market, discovery, instrument, timeseries, or provider service as declared by the route contract.","Renders; exposes loading, empty, error, stale/fallback truth; keyboard and responsive behavior; source metadata where data appears.","executable-existing; governed-shell-migration-applied"
"65","#/venue-detail","Venue Detail","markets","analytical","Detail","false","Executable Venue Detail analytical route.","Market, discovery, instrument, timeseries, or provider service as declared by the route contract.","Renders; exposes loading, empty, error, stale/fallback truth; keyboard and responsive behavior; source metadata where data appears.","executable-existing; governed-shell-migration-applied"
"66","#/research-article","Research Article","research","research","Detail","false","Executable Research Article research route.","Research, evidence, event, or asset-intelligence service as declared by the route contract.","Renders; exposes loading, empty, error, stale/fallback truth; keyboard and responsive behavior; source metadata where data appears.","executable-existing; governed-shell-migration-applied"
