entity_id,table,migration,line,columns,tenant_key,append_only,soft_delete,status,duplicate_or_legacy_group,risk,source_commit
DB-001,migration_ledger,packages/migrations/001_foundation.sql,2,migration_id|checksum|applied_at|applied_by,none,yes,no/not-proven,IMPLEMENTED_DETERMINISTIC_LOCAL,,,eafb11719e67135c7a6fa3b15e1170c5192e4771
DB-002,organizations,packages/migrations/001_foundation.sql,8,organization_id|name|status|created_at,organization_id,not-proven,no/not-proven,IMPLEMENTED_DETERMINISTIC_LOCAL,organization,legacy/parallel schema requires migration ownership decision,eafb11719e67135c7a6fa3b15e1170c5192e4771
DB-003,workspaces,packages/migrations/001_foundation.sql,14,workspace_id|organization_id|name|status|created_at,workspace_id,not-proven,no/not-proven,IMPLEMENTED_DETERMINISTIC_LOCAL,workspace,legacy/parallel schema requires migration ownership decision,eafb11719e67135c7a6fa3b15e1170c5192e4771
DB-004,workspace_objects,packages/migrations/002_workspace_state.sql,2,object_id|organization_id|workspace_id|user_id|object_type|revision|payload|created_at|updated_at,organization_id,not-proven,no/not-proven,IMPLEMENTED_DETERMINISTIC_LOCAL,,,eafb11719e67135c7a6fa3b15e1170c5192e4771
DB-005,qelly_migration_history,packages/migrations/100_release_a1_production_foundation.sql,5,migration_id|checksum|applied_at|runtime,none,yes,no/not-proven,IMPLEMENTED_DETERMINISTIC_LOCAL,,,eafb11719e67135c7a6fa3b15e1170c5192e4771
DB-006,qelly_users,packages/migrations/100_release_a1_production_foundation.sql,12,user_id|email|password_hash|display_name|email_verified|status|locale|timezone|base_currency|created_at|updated_at|revision,none,not-proven,no/not-proven,IMPLEMENTED_DETERMINISTIC_LOCAL,,missing tenant key review,eafb11719e67135c7a6fa3b15e1170c5192e4771
DB-007,qelly_organizations,packages/migrations/100_release_a1_production_foundation.sql,27,organization_id|name|slug|status|created_at|updated_at|revision,organization_id,not-proven,no/not-proven,IMPLEMENTED_DETERMINISTIC_LOCAL,organization,legacy/parallel schema requires migration ownership decision,eafb11719e67135c7a6fa3b15e1170c5192e4771
DB-008,qelly_workspaces,packages/migrations/100_release_a1_production_foundation.sql,37,workspace_id|organization_id|name|slug|environment|risk_tier|status|created_at|updated_at|revision,workspace_id,not-proven,no/not-proven,IMPLEMENTED_DETERMINISTIC_LOCAL,workspace,legacy/parallel schema requires migration ownership decision,eafb11719e67135c7a6fa3b15e1170c5192e4771
DB-009,qelly_memberships,packages/migrations/100_release_a1_production_foundation.sql,51,membership_id|user_id|organization_id|roles_json|workspace_ids_json|status|created_at|updated_at|revision,organization_id,not-proven,no/not-proven,IMPLEMENTED_DETERMINISTIC_LOCAL,,,eafb11719e67135c7a6fa3b15e1170c5192e4771
DB-010,qelly_sessions,packages/migrations/100_release_a1_production_foundation.sql,64,session_id|token_hash|csrf_hash|user_id|organization_id|workspace_id|assurance|authentication_method|user_agent|ip_hash|created_at|last_seen_at|expires_at|step_up_expires_at|rotated_from_session_id|revoked_at|revocation_reason|revision,organization_id,not-proven,no/not-proven,IMPLEMENTED_DETERMINISTIC_LOCAL,,,eafb11719e67135c7a6fa3b15e1170c5192e4771
DB-011,qelly_jobs,packages/migrations/100_release_a1_production_foundation.sql,87,job_id|tenant_id|workspace_id|job_type|payload_json|status|attempts|max_attempts|available_at|locked_at|locked_by|completed_at|failed_at|last_error|idempotency_key|created_at|updated_at,tenant_id,not-proven,no/not-proven,IMPLEMENTED_DETERMINISTIC_LOCAL,,,eafb11719e67135c7a6fa3b15e1170c5192e4771
DB-012,qelly_notifications,packages/migrations/100_release_a1_production_foundation.sql,110,notification_id|user_id|tenant_id|workspace_id|kind|title|body|source_job_id|read_at|created_at,tenant_id,not-proven,no/not-proven,IMPLEMENTED_DETERMINISTIC_LOCAL,,,eafb11719e67135c7a6fa3b15e1170c5192e4771
DB-013,mfa_factors,packages/migrations/101_release_a2_identity_import_delivery.sql,2,user_id,none,not-proven,no/not-proven,IMPLEMENTED_DETERMINISTIC_LOCAL,,missing tenant key review,eafb11719e67135c7a6fa3b15e1170c5192e4771
DB-014,secure_imports,packages/migrations/101_release_a2_identity_import_delivery.sql,3,import_id,none,not-proven,no/not-proven,IMPLEMENTED_DETERMINISTIC_LOCAL,,missing tenant key review,eafb11719e67135c7a6fa3b15e1170c5192e4771
DB-015,delivery_attempts,packages/migrations/101_release_a2_identity_import_delivery.sql,4,delivery_id,none,not-proven,no/not-proven,IMPLEMENTED_DETERMINISTIC_LOCAL,,missing tenant key review,eafb11719e67135c7a6fa3b15e1170c5192e4771
DB-016,qelly_mfa_factors,packages/migrations/102_release_a3_passkeys_storage_delivery.sql,2,user_id|secret_encrypted|status|recovery_codes_hashes|recovery_codes_remaining|created_at|updated_at,none,not-proven,no/not-proven,IMPLEMENTED_DETERMINISTIC_LOCAL,,missing tenant key review,eafb11719e67135c7a6fa3b15e1170c5192e4771
DB-017,qelly_secure_imports,packages/migrations/102_release_a3_passkeys_storage_delivery.sql,11,import_id|user_id|tenant_id|workspace_id|object_key|file_name|mime_type|size|sha256|status|created_at,tenant_id,not-proven,no/not-proven,IMPLEMENTED_DETERMINISTIC_LOCAL,,,eafb11719e67135c7a6fa3b15e1170c5192e4771
DB-018,qelly_delivery_attempts,packages/migrations/102_release_a3_passkeys_storage_delivery.sql,25,delivery_id|user_id|tenant_id|workspace_id|channel|destination|title|body|source_job_id|status|provider|created_at,tenant_id,not-proven,no/not-proven,IMPLEMENTED_DETERMINISTIC_LOCAL,,,eafb11719e67135c7a6fa3b15e1170c5192e4771
DB-019,qelly_passkey_credentials,packages/migrations/102_release_a3_passkeys_storage_delivery.sql,40,credential_id|user_id|public_key_jwk|sign_count|transports_json|label|created_at|last_used_at|revoked_at,none,not-proven,no/not-proven,IMPLEMENTED_DETERMINISTIC_LOCAL,,missing tenant key review,eafb11719e67135c7a6fa3b15e1170c5192e4771
DB-020,qelly_auth_challenges,packages/migrations/102_release_a3_passkeys_storage_delivery.sql,52,challenge_id|user_id|email|kind|challenge|metadata_json|expires_at|used_at|created_at,none,not-proven,no/not-proven,IMPLEMENTED_DETERMINISTIC_LOCAL,,missing tenant key review,eafb11719e67135c7a6fa3b15e1170c5192e4771
DB-021,qelly_account_recovery_challenges,packages/migrations/103_release_a4_recovery_quarantine_network_policy.sql,4,challenge_id|user_id|email|code_hash|attempts|max_attempts|expires_at|used_at|created_at,none,not-proven,no/not-proven,IMPLEMENTED_DETERMINISTIC_LOCAL,,missing tenant key review,eafb11719e67135c7a6fa3b15e1170c5192e4771
DB-022,qelly_evidence_graphs,packages/migrations/105_scope_a_decision_provenance.sql,4,graph_id|user_id|tenant_id|workspace_id|title|canonical_id|status|summary_mode|truth_boundary|revision|created_at|updated_at,tenant_id,yes,no/not-proven,IMPLEMENTED_DETERMINISTIC_LOCAL,,,eafb11719e67135c7a6fa3b15e1170c5192e4771
DB-023,qelly_evidence_nodes,packages/migrations/105_scope_a_decision_provenance.sql,19,node_id|graph_id|user_id|tenant_id|workspace_id|node_type|label|classification|data_json|revision|created_at,tenant_id,yes,no/not-proven,IMPLEMENTED_DETERMINISTIC_LOCAL,,,eafb11719e67135c7a6fa3b15e1170c5192e4771
DB-024,qelly_evidence_edges,packages/migrations/105_scope_a_decision_provenance.sql,33,edge_id|graph_id|user_id|tenant_id|workspace_id|edge_type|from_node_id|to_node_id|evidence_json|created_at,tenant_id,yes,no/not-proven,IMPLEMENTED_DETERMINISTIC_LOCAL,,,eafb11719e67135c7a6fa3b15e1170c5192e4771
DB-025,qelly_evidence_exports,packages/migrations/105_scope_a_decision_provenance.sql,47,export_id|graph_id|user_id|tenant_id|workspace_id|sha256|exported_at,tenant_id,yes,no/not-proven,IMPLEMENTED_DETERMINISTIC_LOCAL,,,eafb11719e67135c7a6fa3b15e1170c5192e4771
DB-026,qelly_runtime_documents,packages/migrations/106_deployment_runtime_state.sql,4,document_key|document_type|body_json|revision|created_at|updated_at,none,not-proven,no/not-proven,IMPLEMENTED_DETERMINISTIC_LOCAL,,missing tenant key review,eafb11719e67135c7a6fa3b15e1170c5192e4771
DB-027,qelly_portfolios,packages/migrations/106_deployment_runtime_state.sql,13,portfolio_id|user_id|tenant_id|workspace_id|name|base_currency|cash_value|positions_json|model_only|revision|created_at|updated_at,tenant_id,not-proven,no/not-proven,IMPLEMENTED_DETERMINISTIC_LOCAL,,,eafb11719e67135c7a6fa3b15e1170c5192e4771
DB-028,qelly_audit_records,packages/migrations/106_deployment_runtime_state.sql,31,sequence_id|event_id|tenant_id|workspace_id|event_type|record_json|previous_hash|record_hash|occurred_at|stored_at,tenant_id,yes,no/not-proven,IMPLEMENTED_DETERMINISTIC_LOCAL,,,eafb11719e67135c7a6fa3b15e1170c5192e4771
