provider_id,official_docs,official_terms,pricing_free_tier,dns,tls,http_connection,content_type,schema,timestamp_freshness,symbol_venue_currency_units,pagination_rate_limit_quota,timeout_retry_circuit_breaker,cache_stale_behavior,cors,websocket,attribution_redistribution_commercial,cross_check,timing_ms,classification,evidence,last_verified,source_commit
binance-public,verified,partial/legal review required,documented/partial,PENDING_AUTOMATED_HARNESS,PENDING_AUTOMATED_HARNESS,PENDING_AUTOMATED_HARNESS,PENDING_AUTOMATED_HARNESS,local adapter schema only or pending,pending representative response,pending mapping test,official docs/partial; runtime proof pending,Qelly adapter foundation partial,must be explicit,not assumed,not tested in Wave 0 without dedicated low-rate client,legal review required,not production-proven,pending,BLOCKED_LICENSE,official documentation plus exact source audit; live low-rate harness result to be appended by GitHub Actions,2026-07-29T15:49:53+05:30,eafb11719e67135c7a6fa3b15e1170c5192e4771
coindcx-public,verified,partial/legal review required,documented/partial,PENDING_AUTOMATED_HARNESS,PENDING_AUTOMATED_HARNESS,PENDING_AUTOMATED_HARNESS,PENDING_AUTOMATED_HARNESS,local adapter schema only or pending,pending representative response,pending mapping test,official docs/partial; runtime proof pending,Qelly adapter foundation partial,must be explicit,not assumed,not tested in Wave 0 without dedicated low-rate client,legal review required,not production-proven,pending,BLOCKED_LICENSE,official documentation plus exact source audit; live low-rate harness result to be appended by GitHub Actions,2026-07-29T15:49:53+05:30,eafb11719e67135c7a6fa3b15e1170c5192e4771
coinbase-exchange-public,verified,partial/legal review required,documented/partial,PENDING_AUTOMATED_HARNESS,PENDING_AUTOMATED_HARNESS,PENDING_AUTOMATED_HARNESS,PENDING_AUTOMATED_HARNESS,local adapter schema only or pending,pending representative response,pending mapping test,official docs/partial; runtime proof pending,Qelly adapter foundation partial,must be explicit,not assumed,not tested in Wave 0 without dedicated low-rate client,legal review required,not production-proven,pending,BLOCKED_PROVIDER_TERMS,official documentation plus exact source audit; live low-rate harness result to be appended by GitHub Actions,2026-07-29T15:49:53+05:30,eafb11719e67135c7a6fa3b15e1170c5192e4771
kraken-public,verified,partial/legal review required,documented/partial,PENDING_AUTOMATED_HARNESS,PENDING_AUTOMATED_HARNESS,PENDING_AUTOMATED_HARNESS,PENDING_AUTOMATED_HARNESS,local adapter schema only or pending,pending representative response,pending mapping test,official docs/partial; runtime proof pending,Qelly adapter foundation partial,must be explicit,not assumed,not tested in Wave 0 without dedicated low-rate client,legal review required,not production-proven,pending,BLOCKED_PROVIDER_TERMS,official documentation plus exact source audit; live low-rate harness result to be appended by GitHub Actions,2026-07-29T15:49:53+05:30,eafb11719e67135c7a6fa3b15e1170c5192e4771
openfigi-v3,verified,partial/legal review required,documented/partial,PENDING_AUTOMATED_HARNESS,PENDING_AUTOMATED_HARNESS,PENDING_AUTOMATED_HARNESS,PENDING_AUTOMATED_HARNESS,local adapter schema only or pending,pending representative response,pending mapping test,official docs/partial; runtime proof pending,Qelly adapter foundation partial,must be explicit,not assumed,not tested in Wave 0 without dedicated low-rate client,legal review required,not production-proven,pending,APPROVED_OPTIONAL,official documentation plus exact source audit; live low-rate harness result to be appended by GitHub Actions,2026-07-29T15:49:53+05:30,eafb11719e67135c7a6fa3b15e1170c5192e4771
frankfurter-v2,verified,partial/legal review required,documented/partial,PENDING_AUTOMATED_HARNESS,PENDING_AUTOMATED_HARNESS,PENDING_AUTOMATED_HARNESS,PENDING_AUTOMATED_HARNESS,local adapter schema only or pending,pending representative response,pending mapping test,official docs/partial; runtime proof pending,Qelly adapter foundation partial,must be explicit,not assumed,not tested in Wave 0 without dedicated low-rate client,legal review required,not production-proven,pending,APPROVED_OPTIONAL,official documentation plus exact source audit; live low-rate harness result to be appended by GitHub Actions,2026-07-29T15:49:53+05:30,eafb11719e67135c7a6fa3b15e1170c5192e4771
world-bank-v2,verified,partial/legal review required,documented/partial,PENDING_AUTOMATED_HARNESS,PENDING_AUTOMATED_HARNESS,PENDING_AUTOMATED_HARNESS,PENDING_AUTOMATED_HARNESS,local adapter schema only or pending,pending representative response,pending mapping test,official docs/partial; runtime proof pending,Qelly adapter foundation partial,must be explicit,not assumed,not tested in Wave 0 without dedicated low-rate client,legal review required,not production-proven,pending,APPROVED_OPTIONAL,official documentation plus exact source audit; live low-rate harness result to be appended by GitHub Actions,2026-07-29T15:49:53+05:30,eafb11719e67135c7a6fa3b15e1170c5192e4771
sec-edgar,verified,partial/legal review required,documented/partial,PENDING_AUTOMATED_HARNESS,PENDING_AUTOMATED_HARNESS,PENDING_AUTOMATED_HARNESS,PENDING_AUTOMATED_HARNESS,local adapter schema only or pending,pending representative response,pending mapping test,official docs/partial; runtime proof pending,Qelly adapter foundation partial,must be explicit,not assumed,not tested in Wave 0 without dedicated low-rate client,legal review required,not production-proven,pending,APPROVED_OPTIONAL,official documentation plus exact source audit; live low-rate harness result to be appended by GitHub Actions,2026-07-29T15:49:53+05:30,eafb11719e67135c7a6fa3b15e1170c5192e4771
github-pages,verified,partial/legal review required,documented/partial,PENDING_AUTOMATED_HARNESS,PENDING_AUTOMATED_HARNESS,PENDING_AUTOMATED_HARNESS,PENDING_AUTOMATED_HARNESS,local adapter schema only or pending,pending representative response,pending mapping test,official docs/partial; runtime proof pending,Qelly adapter foundation partial,must be explicit,not assumed,not tested in Wave 0 without dedicated low-rate client,legal review required,not production-proven,pending,APPROVED_CORE,official documentation plus exact source audit; live low-rate harness result to be appended by GitHub Actions,2026-07-29T15:49:53+05:30,eafb11719e67135c7a6fa3b15e1170c5192e4771
