id,area,capability,status,evidence,boundary
P22-001,Brand lock,Permanent deepest-burgundy gradient token,implemented-local-foundation,packages/design-tokens/brand-lock.json; qelly-sovereign-v3.css,
P22-002,Brand lock,Five named gradient stops,implemented-local-foundation,packages/design-tokens/brand-lock.json; qelly-sovereign-v3.css,
P22-003,Brand lock,Global chrome gradient,implemented-local-foundation,packages/design-tokens/brand-lock.json; qelly-sovereign-v3.css,
P22-004,Brand lock,Hero gradient,implemented-local-foundation,packages/design-tokens/brand-lock.json; qelly-sovereign-v3.css,
P22-005,Brand lock,Active-navigation identity,implemented-local-foundation,packages/design-tokens/brand-lock.json; qelly-sovereign-v3.css,
P22-006,Brand lock,Primary-action brand continuity,implemented-local-foundation,packages/design-tokens/brand-lock.json; qelly-sovereign-v3.css,
P22-007,Brand lock,Porcelain analytical surfaces,implemented-local-foundation,packages/design-tokens/brand-lock.json; qelly-sovereign-v3.css,
P22-008,Brand lock,White analytical surfaces,implemented-local-foundation,packages/design-tokens/brand-lock.json; qelly-sovereign-v3.css,
P22-009,Brand lock,Protected positive semantic,implemented-local-foundation,packages/design-tokens/brand-lock.json; qelly-sovereign-v3.css,
P22-010,Brand lock,Protected negative semantic,implemented-local-foundation,packages/design-tokens/brand-lock.json; qelly-sovereign-v3.css,
P22-011,Brand lock,Protected warning semantic,implemented-local-foundation,packages/design-tokens/brand-lock.json; qelly-sovereign-v3.css,
P22-012,Brand lock,Protected simulated semantic,implemented-local-foundation,packages/design-tokens/brand-lock.json; qelly-sovereign-v3.css,
P22-013,Typography and polarity,Rounded geometric display stack,implemented-local-foundation,qelly-sovereign-v3.css; docs/23_PART22_SOVEREIGN_EXPERIENCE_DESIGN_SYSTEM.md,
P22-014,Typography and polarity,Readable body stack,implemented-local-foundation,qelly-sovereign-v3.css; docs/23_PART22_SOVEREIGN_EXPERIENCE_DESIGN_SYSTEM.md,
P22-015,Typography and polarity,Tabular data stack,implemented-local-foundation,qelly-sovereign-v3.css; docs/23_PART22_SOVEREIGN_EXPERIENCE_DESIGN_SYSTEM.md,
P22-016,Typography and polarity,Large display scale,implemented-local-foundation,qelly-sovereign-v3.css; docs/23_PART22_SOVEREIGN_EXPERIENCE_DESIGN_SYSTEM.md,
P22-017,Typography and polarity,Readable body scale,implemented-local-foundation,qelly-sovereign-v3.css; docs/23_PART22_SOVEREIGN_EXPERIENCE_DESIGN_SYSTEM.md,
P22-018,Typography and polarity,Compact table scale,implemented-local-foundation,qelly-sovereign-v3.css; docs/23_PART22_SOVEREIGN_EXPERIENCE_DESIGN_SYSTEM.md,
P22-019,Typography and polarity,Dark text on porcelain,implemented-local-foundation,qelly-sovereign-v3.css; docs/23_PART22_SOVEREIGN_EXPERIENCE_DESIGN_SYSTEM.md,
P22-020,Typography and polarity,Light text on burgundy,implemented-local-foundation,qelly-sovereign-v3.css; docs/23_PART22_SOVEREIGN_EXPERIENCE_DESIGN_SYSTEM.md,
P22-021,Typography and polarity,Secondary text contrast rules,implemented-local-foundation,qelly-sovereign-v3.css; docs/23_PART22_SOVEREIGN_EXPERIENCE_DESIGN_SYSTEM.md,
P22-022,Typography and polarity,Tabular numeric alignment,implemented-local-foundation,qelly-sovereign-v3.css; docs/23_PART22_SOVEREIGN_EXPERIENCE_DESIGN_SYSTEM.md,
P22-023,Typography and polarity,Heading tracking system,implemented-local-foundation,qelly-sovereign-v3.css; docs/23_PART22_SOVEREIGN_EXPERIENCE_DESIGN_SYSTEM.md,
P22-024,Typography and polarity,Monospace evidence labels,implemented-local-foundation,qelly-sovereign-v3.css; docs/23_PART22_SOVEREIGN_EXPERIENCE_DESIGN_SYSTEM.md,
P22-025,Typography and polarity,Responsive font scale,implemented-local-foundation,qelly-sovereign-v3.css; docs/23_PART22_SOVEREIGN_EXPERIENCE_DESIGN_SYSTEM.md,
P22-026,Typography and polarity,No redistributed font files,implemented-local-foundation,qelly-sovereign-v3.css; docs/23_PART22_SOVEREIGN_EXPERIENCE_DESIGN_SYSTEM.md,
P22-027,Modular geometry,Curved page hero,implemented-local-foundation,apps/web/public/assets/qelly-sovereign-v3.css; route modules,
P22-028,Modular geometry,Asymmetric card radius,implemented-local-foundation,apps/web/public/assets/qelly-sovereign-v3.css; route modules,
P22-029,Modular geometry,Bento grid system,implemented-local-foundation,apps/web/public/assets/qelly-sovereign-v3.css; route modules,
P22-030,Modular geometry,Nested content islands,implemented-local-foundation,apps/web/public/assets/qelly-sovereign-v3.css; route modules,
P22-031,Modular geometry,Global command bar,implemented-local-foundation,apps/web/public/assets/qelly-sovereign-v3.css; route modules,
P22-032,Modular geometry,Sectioned navigation rail,implemented-local-foundation,apps/web/public/assets/qelly-sovereign-v3.css; route modules,
P22-033,Modular geometry,Context toolbar,implemented-local-foundation,apps/web/public/assets/qelly-sovereign-v3.css; route modules,
P22-034,Modular geometry,KPI module,implemented-local-foundation,apps/web/public/assets/qelly-sovereign-v3.css; route modules,
P22-035,Modular geometry,Evidence chip,implemented-local-foundation,apps/web/public/assets/qelly-sovereign-v3.css; route modules,
P22-036,Modular geometry,Source inspector,implemented-local-foundation,apps/web/public/assets/qelly-sovereign-v3.css; route modules,
P22-037,Modular geometry,Data table shell,implemented-local-foundation,apps/web/public/assets/qelly-sovereign-v3.css; route modules,
P22-038,Modular geometry,Chart panel shell,implemented-local-foundation,apps/web/public/assets/qelly-sovereign-v3.css; route modules,
P22-039,Modular geometry,Form module,implemented-local-foundation,apps/web/public/assets/qelly-sovereign-v3.css; route modules,
P22-040,Modular geometry,Empty state,implemented-local-foundation,apps/web/public/assets/qelly-sovereign-v3.css; route modules,
P22-041,Modular geometry,Loading state,implemented-local-foundation,apps/web/public/assets/qelly-sovereign-v3.css; route modules,
P22-042,Modular geometry,Error state,implemented-local-foundation,apps/web/public/assets/qelly-sovereign-v3.css; route modules,
P22-043,Modular geometry,Drawer shell,implemented-local-foundation,apps/web/public/assets/qelly-sovereign-v3.css; route modules,
P22-044,Modular geometry,Responsive containment,implemented-local-foundation,apps/web/public/assets/qelly-sovereign-v3.css; route modules,
P22-045,Buttons and interaction states,Primary button,implemented-local-foundation,qelly-sovereign-v3.css; qelly-sovereign-motion.js,
P22-046,Buttons and interaction states,Secondary button,implemented-local-foundation,qelly-sovereign-v3.css; qelly-sovereign-motion.js,
P22-047,Buttons and interaction states,Ghost button,implemented-local-foundation,qelly-sovereign-v3.css; qelly-sovereign-motion.js,
P22-048,Buttons and interaction states,Icon button,implemented-local-foundation,qelly-sovereign-v3.css; qelly-sovereign-motion.js,
P22-049,Buttons and interaction states,Default state,implemented-local-foundation,qelly-sovereign-v3.css; qelly-sovereign-motion.js,
P22-050,Buttons and interaction states,Hover elevation,implemented-local-foundation,qelly-sovereign-v3.css; qelly-sovereign-motion.js,
P22-051,Buttons and interaction states,Hover border emphasis,implemented-local-foundation,qelly-sovereign-v3.css; qelly-sovereign-motion.js,
P22-052,Buttons and interaction states,Pointer magnetic response,implemented-local-foundation,qelly-sovereign-v3.css; qelly-sovereign-motion.js,
P22-053,Buttons and interaction states,Ripple feedback,implemented-local-foundation,qelly-sovereign-v3.css; qelly-sovereign-motion.js,
P22-054,Buttons and interaction states,Shimmer feedback,implemented-local-foundation,qelly-sovereign-v3.css; qelly-sovereign-motion.js,
P22-055,Buttons and interaction states,Pressed state,implemented-local-foundation,qelly-sovereign-v3.css; qelly-sovereign-motion.js,
P22-056,Buttons and interaction states,Focus-visible ring,implemented-local-foundation,qelly-sovereign-v3.css; qelly-sovereign-motion.js,
P22-057,Buttons and interaction states,Disabled state,implemented-local-foundation,qelly-sovereign-v3.css; qelly-sovereign-motion.js,
P22-058,Buttons and interaction states,Keyboard activation,implemented-local-foundation,qelly-sovereign-v3.css; qelly-sovereign-motion.js,
P22-059,Buttons and interaction states,Reduced-motion button fallback,implemented-local-foundation,qelly-sovereign-v3.css; qelly-sovereign-motion.js,
P22-060,Motion system,Progressive panel reveal,implemented-local-foundation,apps/web/public/assets/qelly-sovereign-motion.js; qelly-sovereign-v3.css,
P22-061,Motion system,Route blur/reveal,implemented-local-foundation,apps/web/public/assets/qelly-sovereign-motion.js; qelly-sovereign-v3.css,
P22-062,Motion system,Bounded card tilt,implemented-local-foundation,apps/web/public/assets/qelly-sovereign-motion.js; qelly-sovereign-v3.css,
P22-063,Motion system,Pointer glow,implemented-local-foundation,apps/web/public/assets/qelly-sovereign-motion.js; qelly-sovereign-v3.css,
P22-064,Motion system,Cursor aura,implemented-local-foundation,apps/web/public/assets/qelly-sovereign-motion.js; qelly-sovereign-v3.css,
P22-065,Motion system,Scroll progress,implemented-local-foundation,apps/web/public/assets/qelly-sovereign-motion.js; qelly-sovereign-v3.css,
P22-066,Motion system,Metric count-up,implemented-local-foundation,apps/web/public/assets/qelly-sovereign-motion.js; qelly-sovereign-v3.css,
P22-067,Motion system,Chart line drawing,implemented-local-foundation,apps/web/public/assets/qelly-sovereign-motion.js; qelly-sovereign-v3.css,
P22-068,Motion system,Candlestick rise,implemented-local-foundation,apps/web/public/assets/qelly-sovereign-motion.js; qelly-sovereign-v3.css,
P22-069,Motion system,Contextual drawer motion,implemented-local-foundation,apps/web/public/assets/qelly-sovereign-motion.js; qelly-sovereign-v3.css,
P22-070,Motion system,Navigation transition,implemented-local-foundation,apps/web/public/assets/qelly-sovereign-motion.js; qelly-sovereign-v3.css,
P22-071,Motion system,Hero entrance,implemented-local-foundation,apps/web/public/assets/qelly-sovereign-motion.js; qelly-sovereign-v3.css,
P22-072,Motion system,Staggered module reveal,implemented-local-foundation,apps/web/public/assets/qelly-sovereign-motion.js; qelly-sovereign-v3.css,
P22-073,Motion system,Motion tempo by persona,implemented-local-foundation,apps/web/public/assets/qelly-sovereign-motion.js; qelly-sovereign-v3.css,
P22-074,Motion system,Low-motion profile,implemented-local-foundation,apps/web/public/assets/qelly-sovereign-motion.js; qelly-sovereign-v3.css,
P22-075,Motion system,Reduced-motion media query,implemented-local-foundation,apps/web/public/assets/qelly-sovereign-motion.js; qelly-sovereign-v3.css,
P22-076,Motion system,No mandatory motion for meaning,implemented-local-foundation,apps/web/public/assets/qelly-sovereign-motion.js; qelly-sovereign-v3.css,
P22-077,Motion system,Motion rebinding protection,implemented-local-foundation,apps/web/public/assets/qelly-sovereign-motion.js; qelly-sovereign-v3.css,
P22-078,Persona themes,Scalper Velocity persona,implemented-local-foundation,brand-lock.json; theme lab; all-personas-gallery/gallery-manifest.json,
P22-079,Persona themes,Investor Compound persona,implemented-local-foundation,brand-lock.json; theme lab; all-personas-gallery/gallery-manifest.json,
P22-080,Persona themes,Aggressive Alpha persona,implemented-local-foundation,brand-lock.json; theme lab; all-personas-gallery/gallery-manifest.json,
P22-081,Persona themes,Quant Operator persona,implemented-local-foundation,brand-lock.json; theme lab; all-personas-gallery/gallery-manifest.json,
P22-082,Persona themes,Research Oracle persona,implemented-local-foundation,brand-lock.json; theme lab; all-personas-gallery/gallery-manifest.json,
P22-083,Persona themes,Signal Access persona,implemented-local-foundation,brand-lock.json; theme lab; all-personas-gallery/gallery-manifest.json,
P22-084,Persona themes,Persona density tuning,implemented-local-foundation,brand-lock.json; theme lab; all-personas-gallery/gallery-manifest.json,
P22-085,Persona themes,Persona motion tuning,implemented-local-foundation,brand-lock.json; theme lab; all-personas-gallery/gallery-manifest.json,
P22-086,Persona themes,Persona chart contrast,implemented-local-foundation,brand-lock.json; theme lab; all-personas-gallery/gallery-manifest.json,
P22-087,Persona themes,Persona canvas balance,implemented-local-foundation,brand-lock.json; theme lab; all-personas-gallery/gallery-manifest.json,
P22-088,Persona themes,Persona global selector,implemented-local-foundation,brand-lock.json; theme lab; all-personas-gallery/gallery-manifest.json,
P22-089,Persona themes,Persona persistence,implemented-local-foundation,brand-lock.json; theme lab; all-personas-gallery/gallery-manifest.json,
P22-090,Persona themes,Persona theme laboratory,implemented-local-foundation,brand-lock.json; theme lab; all-personas-gallery/gallery-manifest.json,
P22-091,Persona themes,Protected brand continuity across personas,implemented-local-foundation,brand-lock.json; theme lab; all-personas-gallery/gallery-manifest.json,
P22-092,Persona themes,Protected financial semantics across personas,implemented-local-foundation,brand-lock.json; theme lab; all-personas-gallery/gallery-manifest.json,
P22-093,Persona themes,47 routes per persona,implemented-local-foundation,brand-lock.json; theme lab; all-personas-gallery/gallery-manifest.json,
P22-094,Persona themes,282 captured combinations,implemented-local-foundation,brand-lock.json; theme lab; all-personas-gallery/gallery-manifest.json,
P22-095,Persona themes,Zero capture console-error combinations,implemented-local-foundation,brand-lock.json; theme lab; all-personas-gallery/gallery-manifest.json,
P22-096,New experience routes,Live Market Command route,implemented-local-foundation,apps/web/public/assets/routes/*.mjs; route-registry.mjs,
P22-097,New experience routes,Theme Personas route,implemented-local-foundation,apps/web/public/assets/routes/*.mjs; route-registry.mjs,
P22-098,New experience routes,Feature Universe route,implemented-local-foundation,apps/web/public/assets/routes/*.mjs; route-registry.mjs,
P22-099,New experience routes,About Qelly route,implemented-local-foundation,apps/web/public/assets/routes/*.mjs; route-registry.mjs,
P22-100,New experience routes,Company story,implemented-local-foundation,apps/web/public/assets/routes/*.mjs; route-registry.mjs,
P22-101,New experience routes,Founder direction,implemented-local-foundation,apps/web/public/assets/routes/*.mjs; route-registry.mjs,
P22-102,New experience routes,Product pillars,implemented-local-foundation,apps/web/public/assets/routes/*.mjs; route-registry.mjs,
P22-103,New experience routes,Feature cluster navigation,implemented-local-foundation,apps/web/public/assets/routes/*.mjs; route-registry.mjs,
P22-104,New experience routes,47-route product map,implemented-local-foundation,apps/web/public/assets/routes/*.mjs; route-registry.mjs,
P22-105,New experience routes,Live-market CTA pathways,implemented-local-foundation,apps/web/public/assets/routes/*.mjs; route-registry.mjs,
P22-106,Live market local foundation,Public-provider catalogue,implemented-local-foundation,src/live-markets/live-market-service.mjs; tradingview-live-chart.mjs; live-markets.mjs,
P22-107,Live market local foundation,Live-market status API,implemented-local-foundation,src/live-markets/live-market-service.mjs; tradingview-live-chart.mjs; live-markets.mjs,
P22-108,Live market local foundation,Candles API,implemented-local-foundation,src/live-markets/live-market-service.mjs; tradingview-live-chart.mjs; live-markets.mjs,
P22-109,Live market local foundation,Ticker API,implemented-local-foundation,src/live-markets/live-market-service.mjs; tradingview-live-chart.mjs; live-markets.mjs,
P22-110,Live market local foundation,Binance public REST candle adapter,implemented-local-foundation,src/live-markets/live-market-service.mjs; tradingview-live-chart.mjs; live-markets.mjs,
P22-111,Live market local foundation,CoinDCX public candle adapter,implemented-local-foundation,src/live-markets/live-market-service.mjs; tradingview-live-chart.mjs; live-markets.mjs,
P22-112,Live market local foundation,Deterministic candle fallback,implemented-local-foundation,src/live-markets/live-market-service.mjs; tradingview-live-chart.mjs; live-markets.mjs,
P22-113,Live market local foundation,Provider normalization,implemented-local-foundation,src/live-markets/live-market-service.mjs; tradingview-live-chart.mjs; live-markets.mjs,
P22-114,Live market local foundation,Symbol normalization,implemented-local-foundation,src/live-markets/live-market-service.mjs; tradingview-live-chart.mjs; live-markets.mjs,
P22-115,Live market local foundation,Interval normalization,implemented-local-foundation,src/live-markets/live-market-service.mjs; tradingview-live-chart.mjs; live-markets.mjs,
P22-116,Live market local foundation,Candlestick rendering,implemented-local-foundation,src/live-markets/live-market-service.mjs; tradingview-live-chart.mjs; live-markets.mjs,
P22-117,Live market local foundation,Volume rendering,implemented-local-foundation,src/live-markets/live-market-service.mjs; tradingview-live-chart.mjs; live-markets.mjs,
P22-118,Live market local foundation,SMA overlay,implemented-local-foundation,src/live-markets/live-market-service.mjs; tradingview-live-chart.mjs; live-markets.mjs,
P22-119,Live market local foundation,Crosshair callback,implemented-local-foundation,src/live-markets/live-market-service.mjs; tradingview-live-chart.mjs; live-markets.mjs,
P22-120,Live market local foundation,Market pulse panel,implemented-local-foundation,src/live-markets/live-market-service.mjs; tradingview-live-chart.mjs; live-markets.mjs,
P22-121,Live market local foundation,Provider selector,implemented-local-foundation,src/live-markets/live-market-service.mjs; tradingview-live-chart.mjs; live-markets.mjs,
P22-122,Live market local foundation,Symbol selector,implemented-local-foundation,src/live-markets/live-market-service.mjs; tradingview-live-chart.mjs; live-markets.mjs,
P22-123,Live market local foundation,Interval selector,implemented-local-foundation,src/live-markets/live-market-service.mjs; tradingview-live-chart.mjs; live-markets.mjs,
P22-124,Live market local foundation,Safe live refresh,implemented-local-foundation,src/live-markets/live-market-service.mjs; tradingview-live-chart.mjs; live-markets.mjs,
P22-125,Live market local foundation,Offline demonstration,implemented-local-foundation,src/live-markets/live-market-service.mjs; tradingview-live-chart.mjs; live-markets.mjs,
P22-126,Live market partial contracts,Binance browser kline WebSocket,partial-local-contract,sovereign-live-markets.contract.json; docs/22_SOVEREIGN_BRAND_LIVE_MARKET_ARCHITECTURE.md,"Requires external network, commercial integration or production infrastructure"
P22-127,Live market partial contracts,CoinDCX socket integration,partial-local-contract,sovereign-live-markets.contract.json; docs/22_SOVEREIGN_BRAND_LIVE_MARKET_ARCHITECTURE.md,"Requires external network, commercial integration or production infrastructure"
P22-128,Live market partial contracts,TradingView Lightweight Charts optional CDN,partial-local-contract,sovereign-live-markets.contract.json; docs/22_SOVEREIGN_BRAND_LIVE_MARKET_ARCHITECTURE.md,"Requires external network, commercial integration or production infrastructure"
P22-129,Live market partial contracts,External provider uptime monitoring,partial-local-contract,sovereign-live-markets.contract.json; docs/22_SOVEREIGN_BRAND_LIVE_MARKET_ARCHITECTURE.md,"Requires external network, commercial integration or production infrastructure"
P22-130,Live market partial contracts,Production data entitlement integration,partial-local-contract,sovereign-live-markets.contract.json; docs/22_SOVEREIGN_BRAND_LIVE_MARKET_ARCHITECTURE.md,"Requires external network, commercial integration or production infrastructure"
P22-131,Live market partial contracts,Commercial provider quota management,partial-local-contract,sovereign-live-markets.contract.json; docs/22_SOVEREIGN_BRAND_LIVE_MARKET_ARCHITECTURE.md,"Requires external network, commercial integration or production infrastructure"
P22-132,Live market partial contracts,Multi-region market-data delivery,partial-local-contract,sovereign-live-markets.contract.json; docs/22_SOVEREIGN_BRAND_LIVE_MARKET_ARCHITECTURE.md,"Requires external network, commercial integration or production infrastructure"
P22-133,Live market partial contracts,Tick-level historical storage,partial-local-contract,sovereign-live-markets.contract.json; docs/22_SOVEREIGN_BRAND_LIVE_MARKET_ARCHITECTURE.md,"Requires external network, commercial integration or production infrastructure"
P22-134,Production deferred,TradingView Advanced Charts redistribution,production-deferred,contracts and safety flags,Explicitly absent or disabled
P22-135,Production deferred,Investing.com undocumented data ingestion,production-deferred,contracts and safety flags,Explicitly absent or disabled
P22-136,Production deferred,Licensed consolidated market feed,production-deferred,contracts and safety flags,Explicitly absent or disabled
P22-137,Production deferred,Broker account connection,production-deferred,contracts and safety flags,Explicitly absent or disabled
P22-138,Production deferred,Exchange account connection,production-deferred,contracts and safety flags,Explicitly absent or disabled
P22-139,Production deferred,Order entry,production-deferred,contracts and safety flags,Explicitly absent or disabled
P22-140,Production deferred,Live trading,production-deferred,contracts and safety flags,Explicitly absent or disabled
P22-141,Production deferred,Asset transfers,production-deferred,contracts and safety flags,Explicitly absent or disabled
P22-142,Production deferred,Withdrawals,production-deferred,contracts and safety flags,Explicitly absent or disabled
P22-143,Production deferred,Custody,production-deferred,contracts and safety flags,Explicitly absent or disabled
P22-144,Production deferred,Private key handling,production-deferred,contracts and safety flags,Explicitly absent or disabled
P22-145,Production deferred,Recovery phrase handling,production-deferred,contracts and safety flags,Explicitly absent or disabled
P22-146,Design handoff,293-page design PDF,implemented-local-foundation,PDF; HTML; all-personas-gallery; figma-plugin,
P22-147,Design handoff,Browser-readable design handoff HTML,implemented-local-foundation,PDF; HTML; all-personas-gallery; figma-plugin,
P22-148,Design handoff,All-persona gallery,implemented-local-foundation,PDF; HTML; all-personas-gallery; figma-plugin,
P22-149,Design handoff,Six contact sheets,implemented-local-foundation,PDF; HTML; all-personas-gallery; figma-plugin,
P22-150,Design handoff,Editable Figma generator,implemented-local-foundation,PDF; HTML; all-personas-gallery; figma-plugin,
P22-151,Design handoff,47 editable primary-persona frames,implemented-local-foundation,PDF; HTML; all-personas-gallery; figma-plugin,
P22-152,Design handoff,282 editable all-persona frames,implemented-local-foundation,PDF; HTML; all-personas-gallery; figma-plugin,
P22-153,Design handoff,Figma design-system page,implemented-local-foundation,PDF; HTML; all-personas-gallery; figma-plugin,
P22-154,Design handoff,Figma component states,implemented-local-foundation,PDF; HTML; all-personas-gallery; figma-plugin,
P22-155,Design handoff,Figma motion annotations,implemented-local-foundation,PDF; HTML; all-personas-gallery; figma-plugin,
P22-156,Design handoff,Figma chart structures,implemented-local-foundation,PDF; HTML; all-personas-gallery; figma-plugin,
P22-157,Design handoff,Portable full-stack package,implemented-local-foundation,PDF; HTML; all-personas-gallery; figma-plugin,
