feature_id,area,capability,status,evidence,truth_boundary,production_gate
P21-001,Guided onboarding,Onboarding option catalog,implemented-local-foundation,src/onboarding/onboarding-store.mjs; src/server/server.mjs; apps/web/public/assets/routes/onboarding.mjs,"Local configuration only; no account creation, entitlement grant, provider authorization or investment advice.","Production identity, organization provisioning, provider OAuth and policy approval"
P21-002,Guided onboarding,User-scoped onboarding profile,implemented-local-foundation,src/onboarding/onboarding-store.mjs; src/server/server.mjs; apps/web/public/assets/routes/onboarding.mjs,"Local configuration only; no account creation, entitlement grant, provider authorization or investment advice.","Production identity, organization provisioning, provider OAuth and policy approval"
P21-003,Guided onboarding,Tenant-scoped onboarding profile,implemented-local-foundation,src/onboarding/onboarding-store.mjs; src/server/server.mjs; apps/web/public/assets/routes/onboarding.mjs,"Local configuration only; no account creation, entitlement grant, provider authorization or investment advice.","Production identity, organization provisioning, provider OAuth and policy approval"
P21-004,Guided onboarding,Workspace-scoped onboarding profile,implemented-local-foundation,src/onboarding/onboarding-store.mjs; src/server/server.mjs; apps/web/public/assets/routes/onboarding.mjs,"Local configuration only; no account creation, entitlement grant, provider authorization or investment advice.","Production identity, organization provisioning, provider OAuth and policy approval"
P21-005,Guided onboarding,Goal selection,implemented-local-foundation,src/onboarding/onboarding-store.mjs; src/server/server.mjs; apps/web/public/assets/routes/onboarding.mjs,"Local configuration only; no account creation, entitlement grant, provider authorization or investment advice.","Production identity, organization provisioning, provider OAuth and policy approval"
P21-006,Guided onboarding,Asset-class selection,implemented-local-foundation,src/onboarding/onboarding-store.mjs; src/server/server.mjs; apps/web/public/assets/routes/onboarding.mjs,"Local configuration only; no account creation, entitlement grant, provider authorization or investment advice.","Production identity, organization provisioning, provider OAuth and policy approval"
P21-007,Guided onboarding,Region selection,implemented-local-foundation,src/onboarding/onboarding-store.mjs; src/server/server.mjs; apps/web/public/assets/routes/onboarding.mjs,"Local configuration only; no account creation, entitlement grant, provider authorization or investment advice.","Production identity, organization provisioning, provider OAuth and policy approval"
P21-008,Guided onboarding,Base-currency preference,implemented-local-foundation,src/onboarding/onboarding-store.mjs; src/server/server.mjs; apps/web/public/assets/routes/onboarding.mjs,"Local configuration only; no account creation, entitlement grant, provider authorization or investment advice.","Production identity, organization provisioning, provider OAuth and policy approval"
P21-009,Guided onboarding,Experience-level preference,implemented-local-foundation,src/onboarding/onboarding-store.mjs; src/server/server.mjs; apps/web/public/assets/routes/onboarding.mjs,"Local configuration only; no account creation, entitlement grant, provider authorization or investment advice.","Production identity, organization provisioning, provider OAuth and policy approval"
P21-010,Guided onboarding,Workspace-template selection,implemented-local-foundation,src/onboarding/onboarding-store.mjs; src/server/server.mjs; apps/web/public/assets/routes/onboarding.mjs,"Local configuration only; no account creation, entitlement grant, provider authorization or investment advice.","Production identity, organization provisioning, provider OAuth and policy approval"
P21-011,Guided onboarding,Provider-interest capture,implemented-local-foundation,src/onboarding/onboarding-store.mjs; src/server/server.mjs; apps/web/public/assets/routes/onboarding.mjs,"Local configuration only; no account creation, entitlement grant, provider authorization or investment advice.","Production identity, organization provisioning, provider OAuth and policy approval"
P21-012,Guided onboarding,Digest-cadence preference,implemented-local-foundation,src/onboarding/onboarding-store.mjs; src/server/server.mjs; apps/web/public/assets/routes/onboarding.mjs,"Local configuration only; no account creation, entitlement grant, provider authorization or investment advice.","Production identity, organization provisioning, provider OAuth and policy approval"
P21-013,Guided onboarding,Progress calculation,implemented-local-foundation,src/onboarding/onboarding-store.mjs; src/server/server.mjs; apps/web/public/assets/routes/onboarding.mjs,"Local configuration only; no account creation, entitlement grant, provider authorization or investment advice.","Production identity, organization provisioning, provider OAuth and policy approval"
P21-014,Guided onboarding,Revision tracking,implemented-local-foundation,src/onboarding/onboarding-store.mjs; src/server/server.mjs; apps/web/public/assets/routes/onboarding.mjs,"Local configuration only; no account creation, entitlement grant, provider authorization or investment advice.","Production identity, organization provisioning, provider OAuth and policy approval"
P21-015,Guided onboarding,Completion validation,implemented-local-foundation,src/onboarding/onboarding-store.mjs; src/server/server.mjs; apps/web/public/assets/routes/onboarding.mjs,"Local configuration only; no account creation, entitlement grant, provider authorization or investment advice.","Production identity, organization provisioning, provider OAuth and policy approval"
P21-016,Guided onboarding,Completion audit event,implemented-local-foundation,src/onboarding/onboarding-store.mjs; src/server/server.mjs; apps/web/public/assets/routes/onboarding.mjs,"Local configuration only; no account creation, entitlement grant, provider authorization or investment advice.","Production identity, organization provisioning, provider OAuth and policy approval"
P21-017,Guided onboarding,Profile reset,implemented-local-foundation,src/onboarding/onboarding-store.mjs; src/server/server.mjs; apps/web/public/assets/routes/onboarding.mjs,"Local configuration only; no account creation, entitlement grant, provider authorization or investment advice.","Production identity, organization provisioning, provider OAuth and policy approval"
P21-018,Guided onboarding,Onboarding responsive route,implemented-local-foundation,src/onboarding/onboarding-store.mjs; src/server/server.mjs; apps/web/public/assets/routes/onboarding.mjs,"Local configuration only; no account creation, entitlement grant, provider authorization or investment advice.","Production identity, organization provisioning, provider OAuth and policy approval"
P21-019,Guided onboarding,Workspace template materialization,partial-local-contract,src/onboarding/onboarding-store.mjs; packages/contracts/onboarding-automation-attribution.contract.json,"Preferences and templates are represented, but no production provisioning is performed.","Production identity provider, distributed database and lifecycle orchestration"
P21-020,Guided onboarding,Personalized homepage generation,partial-local-contract,src/onboarding/onboarding-store.mjs; packages/contracts/onboarding-automation-attribution.contract.json,"Preferences and templates are represented, but no production provisioning is performed.","Production identity provider, distributed database and lifecycle orchestration"
P21-021,Guided onboarding,Cross-device onboarding sync,partial-local-contract,src/onboarding/onboarding-store.mjs; packages/contracts/onboarding-automation-attribution.contract.json,"Preferences and templates are represented, but no production provisioning is performed.","Production identity provider, distributed database and lifecycle orchestration"
P21-022,Guided onboarding,Invitation onboarding,partial-local-contract,src/onboarding/onboarding-store.mjs; packages/contracts/onboarding-automation-attribution.contract.json,"Preferences and templates are represented, but no production provisioning is performed.","Production identity provider, distributed database and lifecycle orchestration"
P21-023,Guided onboarding,Organization creation workflow,partial-local-contract,src/onboarding/onboarding-store.mjs; packages/contracts/onboarding-automation-attribution.contract.json,"Preferences and templates are represented, but no production provisioning is performed.","Production identity provider, distributed database and lifecycle orchestration"
P21-024,Guided onboarding,Passkey enrollment during onboarding,partial-local-contract,src/onboarding/onboarding-store.mjs; packages/contracts/onboarding-automation-attribution.contract.json,"Preferences and templates are represented, but no production provisioning is performed.","Production identity provider, distributed database and lifecycle orchestration"
P21-025,Guided onboarding,Production identity creation,production-deferred,packages/contracts/onboarding-automation-attribution.contract.json,Dangerous or credential-bearing onboarding is intentionally absent.,"Regulated integrations, secure credential exchange, legal review and production authentication"
P21-026,Guided onboarding,Broker account onboarding,production-deferred,packages/contracts/onboarding-automation-attribution.contract.json,Dangerous or credential-bearing onboarding is intentionally absent.,"Regulated integrations, secure credential exchange, legal review and production authentication"
P21-027,Guided onboarding,Exchange account onboarding,production-deferred,packages/contracts/onboarding-automation-attribution.contract.json,Dangerous or credential-bearing onboarding is intentionally absent.,"Regulated integrations, secure credential exchange, legal review and production authentication"
P21-028,Guided onboarding,Wallet connection onboarding,production-deferred,packages/contracts/onboarding-automation-attribution.contract.json,Dangerous or credential-bearing onboarding is intentionally absent.,"Regulated integrations, secure credential exchange, legal review and production authentication"
P21-029,Notification automation,Schedule catalog,implemented-local-foundation,src/automation/notification-schedule-store.mjs; src/workspace/workspace-operations-store.mjs; src/server/server.mjs; apps/web/public/assets/routes/notification-schedules.mjs,Manual deterministic local evaluation only; no autonomous background execution or external delivery.,"Production job runner, distributed locks, retries, dead-letter queues and notification providers"
P21-030,Notification automation,Schedule listing,implemented-local-foundation,src/automation/notification-schedule-store.mjs; src/workspace/workspace-operations-store.mjs; src/server/server.mjs; apps/web/public/assets/routes/notification-schedules.mjs,Manual deterministic local evaluation only; no autonomous background execution or external delivery.,"Production job runner, distributed locks, retries, dead-letter queues and notification providers"
P21-031,Notification automation,Schedule creation,implemented-local-foundation,src/automation/notification-schedule-store.mjs; src/workspace/workspace-operations-store.mjs; src/server/server.mjs; apps/web/public/assets/routes/notification-schedules.mjs,Manual deterministic local evaluation only; no autonomous background execution or external delivery.,"Production job runner, distributed locks, retries, dead-letter queues and notification providers"
P21-032,Notification automation,Schedule update,implemented-local-foundation,src/automation/notification-schedule-store.mjs; src/workspace/workspace-operations-store.mjs; src/server/server.mjs; apps/web/public/assets/routes/notification-schedules.mjs,Manual deterministic local evaluation only; no autonomous background execution or external delivery.,"Production job runner, distributed locks, retries, dead-letter queues and notification providers"
P21-033,Notification automation,Schedule deletion,implemented-local-foundation,src/automation/notification-schedule-store.mjs; src/workspace/workspace-operations-store.mjs; src/server/server.mjs; apps/web/public/assets/routes/notification-schedules.mjs,Manual deterministic local evaluation only; no autonomous background execution or external delivery.,"Production job runner, distributed locks, retries, dead-letter queues and notification providers"
P21-034,Notification automation,Daily cadence,implemented-local-foundation,src/automation/notification-schedule-store.mjs; src/workspace/workspace-operations-store.mjs; src/server/server.mjs; apps/web/public/assets/routes/notification-schedules.mjs,Manual deterministic local evaluation only; no autonomous background execution or external delivery.,"Production job runner, distributed locks, retries, dead-letter queues and notification providers"
P21-035,Notification automation,Weekly cadence,implemented-local-foundation,src/automation/notification-schedule-store.mjs; src/workspace/workspace-operations-store.mjs; src/server/server.mjs; apps/web/public/assets/routes/notification-schedules.mjs,Manual deterministic local evaluation only; no autonomous background execution or external delivery.,"Production job runner, distributed locks, retries, dead-letter queues and notification providers"
P21-036,Notification automation,Monthly cadence,implemented-local-foundation,src/automation/notification-schedule-store.mjs; src/workspace/workspace-operations-store.mjs; src/server/server.mjs; apps/web/public/assets/routes/notification-schedules.mjs,Manual deterministic local evaluation only; no autonomous background execution or external delivery.,"Production job runner, distributed locks, retries, dead-letter queues and notification providers"
P21-037,Notification automation,Timezone recording,implemented-local-foundation,src/automation/notification-schedule-store.mjs; src/workspace/workspace-operations-store.mjs; src/server/server.mjs; apps/web/public/assets/routes/notification-schedules.mjs,Manual deterministic local evaluation only; no autonomous background execution or external delivery.,"Production job runner, distributed locks, retries, dead-letter queues and notification providers"
P21-038,Notification automation,Hour and minute validation,implemented-local-foundation,src/automation/notification-schedule-store.mjs; src/workspace/workspace-operations-store.mjs; src/server/server.mjs; apps/web/public/assets/routes/notification-schedules.mjs,Manual deterministic local evaluation only; no autonomous background execution or external delivery.,"Production job runner, distributed locks, retries, dead-letter queues and notification providers"
P21-039,Notification automation,Weekday recording,implemented-local-foundation,src/automation/notification-schedule-store.mjs; src/workspace/workspace-operations-store.mjs; src/server/server.mjs; apps/web/public/assets/routes/notification-schedules.mjs,Manual deterministic local evaluation only; no autonomous background execution or external delivery.,"Production job runner, distributed locks, retries, dead-letter queues and notification providers"
P21-040,Notification automation,Enabled state,implemented-local-foundation,src/automation/notification-schedule-store.mjs; src/workspace/workspace-operations-store.mjs; src/server/server.mjs; apps/web/public/assets/routes/notification-schedules.mjs,Manual deterministic local evaluation only; no autonomous background execution or external delivery.,"Production job runner, distributed locks, retries, dead-letter queues and notification providers"
P21-041,Notification automation,Next-run timestamp,implemented-local-foundation,src/automation/notification-schedule-store.mjs; src/workspace/workspace-operations-store.mjs; src/server/server.mjs; apps/web/public/assets/routes/notification-schedules.mjs,Manual deterministic local evaluation only; no autonomous background execution or external delivery.,"Production job runner, distributed locks, retries, dead-letter queues and notification providers"
P21-042,Notification automation,Last-run timestamp,implemented-local-foundation,src/automation/notification-schedule-store.mjs; src/workspace/workspace-operations-store.mjs; src/server/server.mjs; apps/web/public/assets/routes/notification-schedules.mjs,Manual deterministic local evaluation only; no autonomous background execution or external delivery.,"Production job runner, distributed locks, retries, dead-letter queues and notification providers"
P21-043,Notification automation,Manual due evaluation,implemented-local-foundation,src/automation/notification-schedule-store.mjs; src/workspace/workspace-operations-store.mjs; src/server/server.mjs; apps/web/public/assets/routes/notification-schedules.mjs,Manual deterministic local evaluation only; no autonomous background execution or external delivery.,"Production job runner, distributed locks, retries, dead-letter queues and notification providers"
P21-044,Notification automation,Run history,implemented-local-foundation,src/automation/notification-schedule-store.mjs; src/workspace/workspace-operations-store.mjs; src/server/server.mjs; apps/web/public/assets/routes/notification-schedules.mjs,Manual deterministic local evaluation only; no autonomous background execution or external delivery.,"Production job runner, distributed locks, retries, dead-letter queues and notification providers"
P21-045,Notification automation,In-app notification generation,implemented-local-foundation,src/automation/notification-schedule-store.mjs; src/workspace/workspace-operations-store.mjs; src/server/server.mjs; apps/web/public/assets/routes/notification-schedules.mjs,Manual deterministic local evaluation only; no autonomous background execution or external delivery.,"Production job runner, distributed locks, retries, dead-letter queues and notification providers"
P21-046,Notification automation,Schedule audit events,implemented-local-foundation,src/automation/notification-schedule-store.mjs; src/workspace/workspace-operations-store.mjs; src/server/server.mjs; apps/web/public/assets/routes/notification-schedules.mjs,Manual deterministic local evaluation only; no autonomous background execution or external delivery.,"Production job runner, distributed locks, retries, dead-letter queues and notification providers"
P21-047,Notification automation,Schedule idempotency,implemented-local-foundation,src/automation/notification-schedule-store.mjs; src/workspace/workspace-operations-store.mjs; src/server/server.mjs; apps/web/public/assets/routes/notification-schedules.mjs,Manual deterministic local evaluation only; no autonomous background execution or external delivery.,"Production job runner, distributed locks, retries, dead-letter queues and notification providers"
P21-048,Notification automation,Replay-safe notification generation,implemented-local-foundation,src/automation/notification-schedule-store.mjs; src/workspace/workspace-operations-store.mjs; src/server/server.mjs; apps/web/public/assets/routes/notification-schedules.mjs,Manual deterministic local evaluation only; no autonomous background execution or external delivery.,"Production job runner, distributed locks, retries, dead-letter queues and notification providers"
P21-049,Notification automation,Responsive schedule route,implemented-local-foundation,src/automation/notification-schedule-store.mjs; src/workspace/workspace-operations-store.mjs; src/server/server.mjs; apps/web/public/assets/routes/notification-schedules.mjs,Manual deterministic local evaluation only; no autonomous background execution or external delivery.,"Production job runner, distributed locks, retries, dead-letter queues and notification providers"
P21-050,Notification automation,Quiet hours,partial-local-contract,src/automation/notification-schedule-store.mjs; packages/contracts/onboarding-automation-attribution.contract.json,"Fields and truth boundaries exist, but production timing semantics are not executed.","Distributed scheduler, durable queues and provider delivery receipts"
P21-051,Notification automation,Holiday calendars,partial-local-contract,src/automation/notification-schedule-store.mjs; packages/contracts/onboarding-automation-attribution.contract.json,"Fields and truth boundaries exist, but production timing semantics are not executed.","Distributed scheduler, durable queues and provider delivery receipts"
P21-052,Notification automation,User-local timezone execution,partial-local-contract,src/automation/notification-schedule-store.mjs; packages/contracts/onboarding-automation-attribution.contract.json,"Fields and truth boundaries exist, but production timing semantics are not executed.","Distributed scheduler, durable queues and provider delivery receipts"
P21-053,Notification automation,Digest content assembly,partial-local-contract,src/automation/notification-schedule-store.mjs; packages/contracts/onboarding-automation-attribution.contract.json,"Fields and truth boundaries exist, but production timing semantics are not executed.","Distributed scheduler, durable queues and provider delivery receipts"
P21-054,Notification automation,Failure retry policy,partial-local-contract,src/automation/notification-schedule-store.mjs; packages/contracts/onboarding-automation-attribution.contract.json,"Fields and truth boundaries exist, but production timing semantics are not executed.","Distributed scheduler, durable queues and provider delivery receipts"
P21-055,Notification automation,Delivery preference inheritance,partial-local-contract,src/automation/notification-schedule-store.mjs; packages/contracts/onboarding-automation-attribution.contract.json,"Fields and truth boundaries exist, but production timing semantics are not executed.","Distributed scheduler, durable queues and provider delivery receipts"
P21-056,Notification automation,Schedule pause windows,partial-local-contract,src/automation/notification-schedule-store.mjs; packages/contracts/onboarding-automation-attribution.contract.json,"Fields and truth boundaries exist, but production timing semantics are not executed.","Distributed scheduler, durable queues and provider delivery receipts"
P21-057,Notification automation,Email delivery,production-deferred,packages/contracts/onboarding-automation-attribution.contract.json; .env.example,External notification channels and unattended execution remain disabled.,"Verified providers, secrets manager, opt-in consent, abuse controls and operations"
P21-058,Notification automation,SMS delivery,production-deferred,packages/contracts/onboarding-automation-attribution.contract.json; .env.example,External notification channels and unattended execution remain disabled.,"Verified providers, secrets manager, opt-in consent, abuse controls and operations"
P21-059,Notification automation,Mobile push delivery,production-deferred,packages/contracts/onboarding-automation-attribution.contract.json; .env.example,External notification channels and unattended execution remain disabled.,"Verified providers, secrets manager, opt-in consent, abuse controls and operations"
P21-060,Notification automation,Webhook delivery,production-deferred,packages/contracts/onboarding-automation-attribution.contract.json; .env.example,External notification channels and unattended execution remain disabled.,"Verified providers, secrets manager, opt-in consent, abuse controls and operations"
P21-061,Notification automation,Autonomous background workers,production-deferred,packages/contracts/onboarding-automation-attribution.contract.json; .env.example,External notification channels and unattended execution remain disabled.,"Verified providers, secrets manager, opt-in consent, abuse controls and operations"
P21-062,Formula screeners,Safe formula tokenizer,implemented-local-foundation,src/workspace/formula-engine.mjs; src/workspace/screener-service.mjs; packages/schemas/formula-screener-request.schema.json; apps/web/public/assets/routes/formula-screener.mjs,"Bounded arithmetic over deterministic fixture fields; no arbitrary code, licensed factors or distributed execution.","Production query planner, licensed datasets, capacity limits and independent sandbox review"
P21-063,Formula screeners,Recursive-descent parser,implemented-local-foundation,src/workspace/formula-engine.mjs; src/workspace/screener-service.mjs; packages/schemas/formula-screener-request.schema.json; apps/web/public/assets/routes/formula-screener.mjs,"Bounded arithmetic over deterministic fixture fields; no arbitrary code, licensed factors or distributed execution.","Production query planner, licensed datasets, capacity limits and independent sandbox review"
P21-064,Formula screeners,Arithmetic addition,implemented-local-foundation,src/workspace/formula-engine.mjs; src/workspace/screener-service.mjs; packages/schemas/formula-screener-request.schema.json; apps/web/public/assets/routes/formula-screener.mjs,"Bounded arithmetic over deterministic fixture fields; no arbitrary code, licensed factors or distributed execution.","Production query planner, licensed datasets, capacity limits and independent sandbox review"
P21-065,Formula screeners,Arithmetic subtraction,implemented-local-foundation,src/workspace/formula-engine.mjs; src/workspace/screener-service.mjs; packages/schemas/formula-screener-request.schema.json; apps/web/public/assets/routes/formula-screener.mjs,"Bounded arithmetic over deterministic fixture fields; no arbitrary code, licensed factors or distributed execution.","Production query planner, licensed datasets, capacity limits and independent sandbox review"
P21-066,Formula screeners,Arithmetic multiplication,implemented-local-foundation,src/workspace/formula-engine.mjs; src/workspace/screener-service.mjs; packages/schemas/formula-screener-request.schema.json; apps/web/public/assets/routes/formula-screener.mjs,"Bounded arithmetic over deterministic fixture fields; no arbitrary code, licensed factors or distributed execution.","Production query planner, licensed datasets, capacity limits and independent sandbox review"
P21-067,Formula screeners,Arithmetic division,implemented-local-foundation,src/workspace/formula-engine.mjs; src/workspace/screener-service.mjs; packages/schemas/formula-screener-request.schema.json; apps/web/public/assets/routes/formula-screener.mjs,"Bounded arithmetic over deterministic fixture fields; no arbitrary code, licensed factors or distributed execution.","Production query planner, licensed datasets, capacity limits and independent sandbox review"
P21-068,Formula screeners,Parentheses,implemented-local-foundation,src/workspace/formula-engine.mjs; src/workspace/screener-service.mjs; packages/schemas/formula-screener-request.schema.json; apps/web/public/assets/routes/formula-screener.mjs,"Bounded arithmetic over deterministic fixture fields; no arbitrary code, licensed factors or distributed execution.","Production query planner, licensed datasets, capacity limits and independent sandbox review"
P21-069,Formula screeners,Unary negative,implemented-local-foundation,src/workspace/formula-engine.mjs; src/workspace/screener-service.mjs; packages/schemas/formula-screener-request.schema.json; apps/web/public/assets/routes/formula-screener.mjs,"Bounded arithmetic over deterministic fixture fields; no arbitrary code, licensed factors or distributed execution.","Production query planner, licensed datasets, capacity limits and independent sandbox review"
P21-070,Formula screeners,abs function,implemented-local-foundation,src/workspace/formula-engine.mjs; src/workspace/screener-service.mjs; packages/schemas/formula-screener-request.schema.json; apps/web/public/assets/routes/formula-screener.mjs,"Bounded arithmetic over deterministic fixture fields; no arbitrary code, licensed factors or distributed execution.","Production query planner, licensed datasets, capacity limits and independent sandbox review"
P21-071,Formula screeners,min function,implemented-local-foundation,src/workspace/formula-engine.mjs; src/workspace/screener-service.mjs; packages/schemas/formula-screener-request.schema.json; apps/web/public/assets/routes/formula-screener.mjs,"Bounded arithmetic over deterministic fixture fields; no arbitrary code, licensed factors or distributed execution.","Production query planner, licensed datasets, capacity limits and independent sandbox review"
P21-072,Formula screeners,max function,implemented-local-foundation,src/workspace/formula-engine.mjs; src/workspace/screener-service.mjs; packages/schemas/formula-screener-request.schema.json; apps/web/public/assets/routes/formula-screener.mjs,"Bounded arithmetic over deterministic fixture fields; no arbitrary code, licensed factors or distributed execution.","Production query planner, licensed datasets, capacity limits and independent sandbox review"
P21-073,Formula screeners,coalesce function,implemented-local-foundation,src/workspace/formula-engine.mjs; src/workspace/screener-service.mjs; packages/schemas/formula-screener-request.schema.json; apps/web/public/assets/routes/formula-screener.mjs,"Bounded arithmetic over deterministic fixture fields; no arbitrary code, licensed factors or distributed execution.","Production query planner, licensed datasets, capacity limits and independent sandbox review"
P21-074,Formula screeners,pct function,implemented-local-foundation,src/workspace/formula-engine.mjs; src/workspace/screener-service.mjs; packages/schemas/formula-screener-request.schema.json; apps/web/public/assets/routes/formula-screener.mjs,"Bounded arithmetic over deterministic fixture fields; no arbitrary code, licensed factors or distributed execution.","Production query planner, licensed datasets, capacity limits and independent sandbox review"
P21-075,Formula screeners,Allowed-field whitelist,implemented-local-foundation,src/workspace/formula-engine.mjs; src/workspace/screener-service.mjs; packages/schemas/formula-screener-request.schema.json; apps/web/public/assets/routes/formula-screener.mjs,"Bounded arithmetic over deterministic fixture fields; no arbitrary code, licensed factors or distributed execution.","Production query planner, licensed datasets, capacity limits and independent sandbox review"
P21-076,Formula screeners,Formula-name validation,implemented-local-foundation,src/workspace/formula-engine.mjs; src/workspace/screener-service.mjs; packages/schemas/formula-screener-request.schema.json; apps/web/public/assets/routes/formula-screener.mjs,"Bounded arithmetic over deterministic fixture fields; no arbitrary code, licensed factors or distributed execution.","Production query planner, licensed datasets, capacity limits and independent sandbox review"
P21-077,Formula screeners,Formula count limit,implemented-local-foundation,src/workspace/formula-engine.mjs; src/workspace/screener-service.mjs; packages/schemas/formula-screener-request.schema.json; apps/web/public/assets/routes/formula-screener.mjs,"Bounded arithmetic over deterministic fixture fields; no arbitrary code, licensed factors or distributed execution.","Production query planner, licensed datasets, capacity limits and independent sandbox review"
P21-078,Formula screeners,Expression length limit,implemented-local-foundation,src/workspace/formula-engine.mjs; src/workspace/screener-service.mjs; packages/schemas/formula-screener-request.schema.json; apps/web/public/assets/routes/formula-screener.mjs,"Bounded arithmetic over deterministic fixture fields; no arbitrary code, licensed factors or distributed execution.","Production query planner, licensed datasets, capacity limits and independent sandbox review"
P21-079,Formula screeners,Unavailable-value propagation,implemented-local-foundation,src/workspace/formula-engine.mjs; src/workspace/screener-service.mjs; packages/schemas/formula-screener-request.schema.json; apps/web/public/assets/routes/formula-screener.mjs,"Bounded arithmetic over deterministic fixture fields; no arbitrary code, licensed factors or distributed execution.","Production query planner, licensed datasets, capacity limits and independent sandbox review"
P21-080,Formula screeners,Division-by-zero protection,implemented-local-foundation,src/workspace/formula-engine.mjs; src/workspace/screener-service.mjs; packages/schemas/formula-screener-request.schema.json; apps/web/public/assets/routes/formula-screener.mjs,"Bounded arithmetic over deterministic fixture fields; no arbitrary code, licensed factors or distributed execution.","Production query planner, licensed datasets, capacity limits and independent sandbox review"
P21-081,Formula screeners,Formula result filtering,implemented-local-foundation,src/workspace/formula-engine.mjs; src/workspace/screener-service.mjs; packages/schemas/formula-screener-request.schema.json; apps/web/public/assets/routes/formula-screener.mjs,"Bounded arithmetic over deterministic fixture fields; no arbitrary code, licensed factors or distributed execution.","Production query planner, licensed datasets, capacity limits and independent sandbox review"
P21-082,Formula screeners,Formula result sorting,implemented-local-foundation,src/workspace/formula-engine.mjs; src/workspace/screener-service.mjs; packages/schemas/formula-screener-request.schema.json; apps/web/public/assets/routes/formula-screener.mjs,"Bounded arithmetic over deterministic fixture fields; no arbitrary code, licensed factors or distributed execution.","Production query planner, licensed datasets, capacity limits and independent sandbox review"
P21-083,Formula screeners,Formula catalog API,implemented-local-foundation,src/workspace/formula-engine.mjs; src/workspace/screener-service.mjs; packages/schemas/formula-screener-request.schema.json; apps/web/public/assets/routes/formula-screener.mjs,"Bounded arithmetic over deterministic fixture fields; no arbitrary code, licensed factors or distributed execution.","Production query planner, licensed datasets, capacity limits and independent sandbox review"
P21-084,Formula screeners,Formula screener API,implemented-local-foundation,src/workspace/formula-engine.mjs; src/workspace/screener-service.mjs; packages/schemas/formula-screener-request.schema.json; apps/web/public/assets/routes/formula-screener.mjs,"Bounded arithmetic over deterministic fixture fields; no arbitrary code, licensed factors or distributed execution.","Production query planner, licensed datasets, capacity limits and independent sandbox review"
P21-085,Formula screeners,Responsive formula route,implemented-local-foundation,src/workspace/formula-engine.mjs; src/workspace/screener-service.mjs; packages/schemas/formula-screener-request.schema.json; apps/web/public/assets/routes/formula-screener.mjs,"Bounded arithmetic over deterministic fixture fields; no arbitrary code, licensed factors or distributed execution.","Production query planner, licensed datasets, capacity limits and independent sandbox review"
P21-086,Formula screeners,Dynamic-code execution disabled,implemented-local-foundation,src/workspace/formula-engine.mjs; src/workspace/screener-service.mjs; packages/schemas/formula-screener-request.schema.json; apps/web/public/assets/routes/formula-screener.mjs,"Bounded arithmetic over deterministic fixture fields; no arbitrary code, licensed factors or distributed execution.","Production query planner, licensed datasets, capacity limits and independent sandbox review"
P21-087,Formula screeners,Saved formula definitions,partial-local-contract,src/workspace/screener-service.mjs; packages/contracts/onboarding-automation-attribution.contract.json,Core expression evaluation exists; advanced analytics and scale are not implemented.,"Distributed compute, production data warehouse and query governance"
P21-088,Formula screeners,Formula version history,partial-local-contract,src/workspace/screener-service.mjs; packages/contracts/onboarding-automation-attribution.contract.json,Core expression evaluation exists; advanced analytics and scale are not implemented.,"Distributed compute, production data warehouse and query governance"
P21-089,Formula screeners,Cross-formula dependencies,partial-local-contract,src/workspace/screener-service.mjs; packages/contracts/onboarding-automation-attribution.contract.json,Core expression evaluation exists; advanced analytics and scale are not implemented.,"Distributed compute, production data warehouse and query governance"
P21-090,Formula screeners,Sector-relative functions,partial-local-contract,src/workspace/screener-service.mjs; packages/contracts/onboarding-automation-attribution.contract.json,Core expression evaluation exists; advanced analytics and scale are not implemented.,"Distributed compute, production data warehouse and query governance"
P21-091,Formula screeners,Rolling-window functions,partial-local-contract,src/workspace/screener-service.mjs; packages/contracts/onboarding-automation-attribution.contract.json,Core expression evaluation exists; advanced analytics and scale are not implemented.,"Distributed compute, production data warehouse and query governance"
P21-092,Formula screeners,Percentile functions,partial-local-contract,src/workspace/screener-service.mjs; packages/contracts/onboarding-automation-attribution.contract.json,Core expression evaluation exists; advanced analytics and scale are not implemented.,"Distributed compute, production data warehouse and query governance"
P21-093,Formula screeners,Server-side distributed execution,partial-local-contract,src/workspace/screener-service.mjs; packages/contracts/onboarding-automation-attribution.contract.json,Core expression evaluation exists; advanced analytics and scale are not implemented.,"Distributed compute, production data warehouse and query governance"
P21-094,Formula screeners,Large-universe pagination,partial-local-contract,src/workspace/screener-service.mjs; packages/contracts/onboarding-automation-attribution.contract.json,Core expression evaluation exists; advanced analytics and scale are not implemented.,"Distributed compute, production data warehouse and query governance"
P21-095,Formula screeners,User-supplied JavaScript,production-deferred,src/workspace/formula-engine.mjs; packages/contracts/onboarding-automation-attribution.contract.json,Arbitrary code and financial execution are explicitly prohibited.,"Isolated compute platform, security review and regulated execution controls"
P21-096,Formula screeners,User-supplied SQL,production-deferred,src/workspace/formula-engine.mjs; packages/contracts/onboarding-automation-attribution.contract.json,Arbitrary code and financial execution are explicitly prohibited.,"Isolated compute platform, security review and regulated execution controls"
P21-097,Formula screeners,Python execution,production-deferred,src/workspace/formula-engine.mjs; packages/contracts/onboarding-automation-attribution.contract.json,Arbitrary code and financial execution are explicitly prohibited.,"Isolated compute platform, security review and regulated execution controls"
P21-098,Formula screeners,Live trade action from formula,production-deferred,src/workspace/formula-engine.mjs; packages/contracts/onboarding-automation-attribution.contract.json,Arbitrary code and financial execution are explicitly prohibited.,"Isolated compute platform, security review and regulated execution controls"
P21-099,Portfolio attribution,Holding-level contribution,implemented-local-foundation,src/portfolio/portfolio-service.mjs; src/server/server.mjs; apps/web/public/assets/routes/portfolio-attribution.mjs,"Deterministic approximation using model holdings; not broker-reconciled, accounting-grade or investment advice.","Transaction ledger, benchmark data, corporate actions and reviewed attribution methodology"
P21-100,Portfolio attribution,Asset-class contribution,implemented-local-foundation,src/portfolio/portfolio-service.mjs; src/server/server.mjs; apps/web/public/assets/routes/portfolio-attribution.mjs,"Deterministic approximation using model holdings; not broker-reconciled, accounting-grade or investment advice.","Transaction ledger, benchmark data, corporate actions and reviewed attribution methodology"
P21-101,Portfolio attribution,Allocation-effect approximation,implemented-local-foundation,src/portfolio/portfolio-service.mjs; src/server/server.mjs; apps/web/public/assets/routes/portfolio-attribution.mjs,"Deterministic approximation using model holdings; not broker-reconciled, accounting-grade or investment advice.","Transaction ledger, benchmark data, corporate actions and reviewed attribution methodology"
P21-102,Portfolio attribution,Selection-effect approximation,implemented-local-foundation,src/portfolio/portfolio-service.mjs; src/server/server.mjs; apps/web/public/assets/routes/portfolio-attribution.mjs,"Deterministic approximation using model holdings; not broker-reconciled, accounting-grade or investment advice.","Transaction ledger, benchmark data, corporate actions and reviewed attribution methodology"
P21-103,Portfolio attribution,Portfolio contribution total,implemented-local-foundation,src/portfolio/portfolio-service.mjs; src/server/server.mjs; apps/web/public/assets/routes/portfolio-attribution.mjs,"Deterministic approximation using model holdings; not broker-reconciled, accounting-grade or investment advice.","Transaction ledger, benchmark data, corporate actions and reviewed attribution methodology"
P21-104,Portfolio attribution,Benchmark contribution,implemented-local-foundation,src/portfolio/portfolio-service.mjs; src/server/server.mjs; apps/web/public/assets/routes/portfolio-attribution.mjs,"Deterministic approximation using model holdings; not broker-reconciled, accounting-grade or investment advice.","Transaction ledger, benchmark data, corporate actions and reviewed attribution methodology"
P21-105,Portfolio attribution,Active contribution,implemented-local-foundation,src/portfolio/portfolio-service.mjs; src/server/server.mjs; apps/web/public/assets/routes/portfolio-attribution.mjs,"Deterministic approximation using model holdings; not broker-reconciled, accounting-grade or investment advice.","Transaction ledger, benchmark data, corporate actions and reviewed attribution methodology"
P21-106,Portfolio attribution,Range selection,implemented-local-foundation,src/portfolio/portfolio-service.mjs; src/server/server.mjs; apps/web/public/assets/routes/portfolio-attribution.mjs,"Deterministic approximation using model holdings; not broker-reconciled, accounting-grade or investment advice.","Transaction ledger, benchmark data, corporate actions and reviewed attribution methodology"
P21-107,Portfolio attribution,Weight reconciliation,implemented-local-foundation,src/portfolio/portfolio-service.mjs; src/server/server.mjs; apps/web/public/assets/routes/portfolio-attribution.mjs,"Deterministic approximation using model holdings; not broker-reconciled, accounting-grade or investment advice.","Transaction ledger, benchmark data, corporate actions and reviewed attribution methodology"
P21-108,Portfolio attribution,Contribution sorting,implemented-local-foundation,src/portfolio/portfolio-service.mjs; src/server/server.mjs; apps/web/public/assets/routes/portfolio-attribution.mjs,"Deterministic approximation using model holdings; not broker-reconciled, accounting-grade or investment advice.","Transaction ledger, benchmark data, corporate actions and reviewed attribution methodology"
P21-109,Portfolio attribution,Attribution API,implemented-local-foundation,src/portfolio/portfolio-service.mjs; src/server/server.mjs; apps/web/public/assets/routes/portfolio-attribution.mjs,"Deterministic approximation using model holdings; not broker-reconciled, accounting-grade or investment advice.","Transaction ledger, benchmark data, corporate actions and reviewed attribution methodology"
P21-110,Portfolio attribution,Responsive attribution route,implemented-local-foundation,src/portfolio/portfolio-service.mjs; src/server/server.mjs; apps/web/public/assets/routes/portfolio-attribution.mjs,"Deterministic approximation using model holdings; not broker-reconciled, accounting-grade or investment advice.","Transaction ledger, benchmark data, corporate actions and reviewed attribution methodology"
P21-111,Portfolio attribution,Non-advisory methodology label,implemented-local-foundation,src/portfolio/portfolio-service.mjs; src/server/server.mjs; apps/web/public/assets/routes/portfolio-attribution.mjs,"Deterministic approximation using model holdings; not broker-reconciled, accounting-grade or investment advice.","Transaction ledger, benchmark data, corporate actions and reviewed attribution methodology"
P21-112,Portfolio attribution,Sector attribution,partial-local-contract,src/portfolio/portfolio-service.mjs; packages/contracts/onboarding-automation-attribution.contract.json,"The API shape supports extension, but only local holding and asset-class approximations are executed.","Production portfolio ledger, factor models, licensed benchmarks and reconciliation"
P21-113,Portfolio attribution,Country attribution,partial-local-contract,src/portfolio/portfolio-service.mjs; packages/contracts/onboarding-automation-attribution.contract.json,"The API shape supports extension, but only local holding and asset-class approximations are executed.","Production portfolio ledger, factor models, licensed benchmarks and reconciliation"
P21-114,Portfolio attribution,Currency attribution,partial-local-contract,src/portfolio/portfolio-service.mjs; packages/contracts/onboarding-automation-attribution.contract.json,"The API shape supports extension, but only local holding and asset-class approximations are executed.","Production portfolio ledger, factor models, licensed benchmarks and reconciliation"
P21-115,Portfolio attribution,Factor attribution,partial-local-contract,src/portfolio/portfolio-service.mjs; packages/contracts/onboarding-automation-attribution.contract.json,"The API shape supports extension, but only local holding and asset-class approximations are executed.","Production portfolio ledger, factor models, licensed benchmarks and reconciliation"
P21-116,Portfolio attribution,Income attribution,partial-local-contract,src/portfolio/portfolio-service.mjs; packages/contracts/onboarding-automation-attribution.contract.json,"The API shape supports extension, but only local holding and asset-class approximations are executed.","Production portfolio ledger, factor models, licensed benchmarks and reconciliation"
P21-117,Portfolio attribution,Transaction-based attribution,partial-local-contract,src/portfolio/portfolio-service.mjs; packages/contracts/onboarding-automation-attribution.contract.json,"The API shape supports extension, but only local holding and asset-class approximations are executed.","Production portfolio ledger, factor models, licensed benchmarks and reconciliation"
P21-118,Portfolio attribution,Multi-period linking,partial-local-contract,src/portfolio/portfolio-service.mjs; packages/contracts/onboarding-automation-attribution.contract.json,"The API shape supports extension, but only local holding and asset-class approximations are executed.","Production portfolio ledger, factor models, licensed benchmarks and reconciliation"
P21-119,Portfolio attribution,Benchmark selection,partial-local-contract,src/portfolio/portfolio-service.mjs; packages/contracts/onboarding-automation-attribution.contract.json,"The API shape supports extension, but only local holding and asset-class approximations are executed.","Production portfolio ledger, factor models, licensed benchmarks and reconciliation"
P21-120,Portfolio attribution,Broker-reconciled attribution,production-deferred,packages/contracts/onboarding-automation-attribution.contract.json,Connected-account and advisory claims are intentionally absent.,"Broker/custodian integrations, compliance and suitability controls"
P21-121,Portfolio attribution,Custodian-reconciled attribution,production-deferred,packages/contracts/onboarding-automation-attribution.contract.json,Connected-account and advisory claims are intentionally absent.,"Broker/custodian integrations, compliance and suitability controls"
P21-122,Portfolio attribution,Tax-lot attribution,production-deferred,packages/contracts/onboarding-automation-attribution.contract.json,Connected-account and advisory claims are intentionally absent.,"Broker/custodian integrations, compliance and suitability controls"
P21-123,Portfolio attribution,Trade recommendations,production-deferred,packages/contracts/onboarding-automation-attribution.contract.json,Connected-account and advisory claims are intentionally absent.,"Broker/custodian integrations, compliance and suitability controls"
P21-124,Import staging,CSV template catalog,implemented-local-foundation,src/imports/import-service.mjs; packages/schemas/import-request.schema.json; apps/web/public/assets/routes/import-center.mjs,"Bounded text-based CSV staging only; no file upload, malware scanning or mutation of production records.","Upload sandbox, antivirus scanning, object storage, transactions, reconciliation and approvals"
P21-125,Import staging,Watchlist CSV preview,implemented-local-foundation,src/imports/import-service.mjs; packages/schemas/import-request.schema.json; apps/web/public/assets/routes/import-center.mjs,"Bounded text-based CSV staging only; no file upload, malware scanning or mutation of production records.","Upload sandbox, antivirus scanning, object storage, transactions, reconciliation and approvals"
P21-126,Import staging,Portfolio CSV preview,implemented-local-foundation,src/imports/import-service.mjs; packages/schemas/import-request.schema.json; apps/web/public/assets/routes/import-center.mjs,"Bounded text-based CSV staging only; no file upload, malware scanning or mutation of production records.","Upload sandbox, antivirus scanning, object storage, transactions, reconciliation and approvals"
P21-127,Import staging,Research CSV preview,implemented-local-foundation,src/imports/import-service.mjs; packages/schemas/import-request.schema.json; apps/web/public/assets/routes/import-center.mjs,"Bounded text-based CSV staging only; no file upload, malware scanning or mutation of production records.","Upload sandbox, antivirus scanning, object storage, transactions, reconciliation and approvals"
P21-128,Import staging,Header validation,implemented-local-foundation,src/imports/import-service.mjs; packages/schemas/import-request.schema.json; apps/web/public/assets/routes/import-center.mjs,"Bounded text-based CSV staging only; no file upload, malware scanning or mutation of production records.","Upload sandbox, antivirus scanning, object storage, transactions, reconciliation and approvals"
P21-129,Import staging,Required-column validation,implemented-local-foundation,src/imports/import-service.mjs; packages/schemas/import-request.schema.json; apps/web/public/assets/routes/import-center.mjs,"Bounded text-based CSV staging only; no file upload, malware scanning or mutation of production records.","Upload sandbox, antivirus scanning, object storage, transactions, reconciliation and approvals"
P21-130,Import staging,Row-count limit,implemented-local-foundation,src/imports/import-service.mjs; packages/schemas/import-request.schema.json; apps/web/public/assets/routes/import-center.mjs,"Bounded text-based CSV staging only; no file upload, malware scanning or mutation of production records.","Upload sandbox, antivirus scanning, object storage, transactions, reconciliation and approvals"
P21-131,Import staging,Numeric quantity validation,implemented-local-foundation,src/imports/import-service.mjs; packages/schemas/import-request.schema.json; apps/web/public/assets/routes/import-center.mjs,"Bounded text-based CSV staging only; no file upload, malware scanning or mutation of production records.","Upload sandbox, antivirus scanning, object storage, transactions, reconciliation and approvals"
P21-132,Import staging,Cost-basis validation,implemented-local-foundation,src/imports/import-service.mjs; packages/schemas/import-request.schema.json; apps/web/public/assets/routes/import-center.mjs,"Bounded text-based CSV staging only; no file upload, malware scanning or mutation of production records.","Upload sandbox, antivirus scanning, object storage, transactions, reconciliation and approvals"
P21-133,Import staging,Canonical-ID prefix validation,implemented-local-foundation,src/imports/import-service.mjs; packages/schemas/import-request.schema.json; apps/web/public/assets/routes/import-center.mjs,"Bounded text-based CSV staging only; no file upload, malware scanning or mutation of production records.","Upload sandbox, antivirus scanning, object storage, transactions, reconciliation and approvals"
P21-134,Import staging,Research item-type validation,implemented-local-foundation,src/imports/import-service.mjs; packages/schemas/import-request.schema.json; apps/web/public/assets/routes/import-center.mjs,"Bounded text-based CSV staging only; no file upload, malware scanning or mutation of production records.","Upload sandbox, antivirus scanning, object storage, transactions, reconciliation and approvals"
P21-135,Import staging,Preview error reporting,implemented-local-foundation,src/imports/import-service.mjs; packages/schemas/import-request.schema.json; apps/web/public/assets/routes/import-center.mjs,"Bounded text-based CSV staging only; no file upload, malware scanning or mutation of production records.","Upload sandbox, antivirus scanning, object storage, transactions, reconciliation and approvals"
P21-136,Import staging,Commit blocking on errors,implemented-local-foundation,src/imports/import-service.mjs; packages/schemas/import-request.schema.json; apps/web/public/assets/routes/import-center.mjs,"Bounded text-based CSV staging only; no file upload, malware scanning or mutation of production records.","Upload sandbox, antivirus scanning, object storage, transactions, reconciliation and approvals"
P21-137,Import staging,Scoped staging batch,implemented-local-foundation,src/imports/import-service.mjs; packages/schemas/import-request.schema.json; apps/web/public/assets/routes/import-center.mjs,"Bounded text-based CSV staging only; no file upload, malware scanning or mutation of production records.","Upload sandbox, antivirus scanning, object storage, transactions, reconciliation and approvals"
P21-138,Import staging,Import batch listing,implemented-local-foundation,src/imports/import-service.mjs; packages/schemas/import-request.schema.json; apps/web/public/assets/routes/import-center.mjs,"Bounded text-based CSV staging only; no file upload, malware scanning or mutation of production records.","Upload sandbox, antivirus scanning, object storage, transactions, reconciliation and approvals"
P21-139,Import staging,Import batch detail,implemented-local-foundation,src/imports/import-service.mjs; packages/schemas/import-request.schema.json; apps/web/public/assets/routes/import-center.mjs,"Bounded text-based CSV staging only; no file upload, malware scanning or mutation of production records.","Upload sandbox, antivirus scanning, object storage, transactions, reconciliation and approvals"
P21-140,Import staging,Atomic local persistence,implemented-local-foundation,src/imports/import-service.mjs; packages/schemas/import-request.schema.json; apps/web/public/assets/routes/import-center.mjs,"Bounded text-based CSV staging only; no file upload, malware scanning or mutation of production records.","Upload sandbox, antivirus scanning, object storage, transactions, reconciliation and approvals"
P21-141,Import staging,Import audit event,implemented-local-foundation,src/imports/import-service.mjs; packages/schemas/import-request.schema.json; apps/web/public/assets/routes/import-center.mjs,"Bounded text-based CSV staging only; no file upload, malware scanning or mutation of production records.","Upload sandbox, antivirus scanning, object storage, transactions, reconciliation and approvals"
P21-142,Import staging,Import request schema,implemented-local-foundation,src/imports/import-service.mjs; packages/schemas/import-request.schema.json; apps/web/public/assets/routes/import-center.mjs,"Bounded text-based CSV staging only; no file upload, malware scanning or mutation of production records.","Upload sandbox, antivirus scanning, object storage, transactions, reconciliation and approvals"
P21-143,Import staging,Responsive import route,implemented-local-foundation,src/imports/import-service.mjs; packages/schemas/import-request.schema.json; apps/web/public/assets/routes/import-center.mjs,"Bounded text-based CSV staging only; no file upload, malware scanning or mutation of production records.","Upload sandbox, antivirus scanning, object storage, transactions, reconciliation and approvals"
P21-144,Import staging,Quoted CSV parsing,partial-local-contract,src/imports/import-service.mjs; packages/contracts/onboarding-automation-attribution.contract.json,A deterministic subset exists; full CSV semantics and operational workflows are not implemented.,"Production parser, durable staging, approvals and data-quality operations"
P21-145,Import staging,Delimiter selection,partial-local-contract,src/imports/import-service.mjs; packages/contracts/onboarding-automation-attribution.contract.json,A deterministic subset exists; full CSV semantics and operational workflows are not implemented.,"Production parser, durable staging, approvals and data-quality operations"
P21-146,Import staging,Encoding detection,partial-local-contract,src/imports/import-service.mjs; packages/contracts/onboarding-automation-attribution.contract.json,A deterministic subset exists; full CSV semantics and operational workflows are not implemented.,"Production parser, durable staging, approvals and data-quality operations"
P21-147,Import staging,Column mapping UI,partial-local-contract,src/imports/import-service.mjs; packages/contracts/onboarding-automation-attribution.contract.json,A deterministic subset exists; full CSV semantics and operational workflows are not implemented.,"Production parser, durable staging, approvals and data-quality operations"
P21-148,Import staging,Duplicate resolution,partial-local-contract,src/imports/import-service.mjs; packages/contracts/onboarding-automation-attribution.contract.json,A deterministic subset exists; full CSV semantics and operational workflows are not implemented.,"Production parser, durable staging, approvals and data-quality operations"
P21-149,Import staging,Dry-run diff,partial-local-contract,src/imports/import-service.mjs; packages/contracts/onboarding-automation-attribution.contract.json,A deterministic subset exists; full CSV semantics and operational workflows are not implemented.,"Production parser, durable staging, approvals and data-quality operations"
P21-150,Import staging,Approval workflow,partial-local-contract,src/imports/import-service.mjs; packages/contracts/onboarding-automation-attribution.contract.json,A deterministic subset exists; full CSV semantics and operational workflows are not implemented.,"Production parser, durable staging, approvals and data-quality operations"
P21-151,Import staging,Rollback workflow,partial-local-contract,src/imports/import-service.mjs; packages/contracts/onboarding-automation-attribution.contract.json,A deterministic subset exists; full CSV semantics and operational workflows are not implemented.,"Production parser, durable staging, approvals and data-quality operations"
P21-152,Import staging,Large-file streaming,partial-local-contract,src/imports/import-service.mjs; packages/contracts/onboarding-automation-attribution.contract.json,A deterministic subset exists; full CSV semantics and operational workflows are not implemented.,"Production parser, durable staging, approvals and data-quality operations"
P21-153,Import staging,Direct production watchlist mutation,production-deferred,packages/contracts/onboarding-automation-attribution.contract.json,Production mutation and unsafe ingestion paths remain disabled.,"Production authorization, scanning, transactions and external connectivity"
P21-154,Import staging,Direct production portfolio mutation,production-deferred,packages/contracts/onboarding-automation-attribution.contract.json,Production mutation and unsafe ingestion paths remain disabled.,"Production authorization, scanning, transactions and external connectivity"
P21-155,Import staging,Direct production research mutation,production-deferred,packages/contracts/onboarding-automation-attribution.contract.json,Production mutation and unsafe ingestion paths remain disabled.,"Production authorization, scanning, transactions and external connectivity"
P21-156,Import staging,Executable file upload,production-deferred,packages/contracts/onboarding-automation-attribution.contract.json,Production mutation and unsafe ingestion paths remain disabled.,"Production authorization, scanning, transactions and external connectivity"
P21-157,Import staging,Remote URL import,production-deferred,packages/contracts/onboarding-automation-attribution.contract.json,Production mutation and unsafe ingestion paths remain disabled.,"Production authorization, scanning, transactions and external connectivity"
P21-158,Research version history,Manual snapshot capture,implemented-local-foundation,src/research/research-version-store.mjs; src/workspace/workspace-operations-store.mjs; apps/web/public/assets/routes/research-history.mjs,Manual local snapshots for a single-user workspace; not collaborative version control.,"Distributed database, automatic event sourcing, collaboration and retention policy"
P21-159,Research version history,Version sequence,implemented-local-foundation,src/research/research-version-store.mjs; src/workspace/workspace-operations-store.mjs; apps/web/public/assets/routes/research-history.mjs,Manual local snapshots for a single-user workspace; not collaborative version control.,"Distributed database, automatic event sourcing, collaboration and retention policy"
P21-160,Research version history,Version message,implemented-local-foundation,src/research/research-version-store.mjs; src/workspace/workspace-operations-store.mjs; apps/web/public/assets/routes/research-history.mjs,Manual local snapshots for a single-user workspace; not collaborative version control.,"Distributed database, automatic event sourcing, collaboration and retention policy"
P21-161,Research version history,Snapshot revision,implemented-local-foundation,src/research/research-version-store.mjs; src/workspace/workspace-operations-store.mjs; apps/web/public/assets/routes/research-history.mjs,Manual local snapshots for a single-user workspace; not collaborative version control.,"Distributed database, automatic event sourcing, collaboration and retention policy"
P21-162,Research version history,Version listing,implemented-local-foundation,src/research/research-version-store.mjs; src/workspace/workspace-operations-store.mjs; apps/web/public/assets/routes/research-history.mjs,Manual local snapshots for a single-user workspace; not collaborative version control.,"Distributed database, automatic event sourcing, collaboration and retention policy"
P21-163,Research version history,Version detail,implemented-local-foundation,src/research/research-version-store.mjs; src/workspace/workspace-operations-store.mjs; apps/web/public/assets/routes/research-history.mjs,Manual local snapshots for a single-user workspace; not collaborative version control.,"Distributed database, automatic event sourcing, collaboration and retention policy"
P21-164,Research version history,Workspace-scoped version access,implemented-local-foundation,src/research/research-version-store.mjs; src/workspace/workspace-operations-store.mjs; apps/web/public/assets/routes/research-history.mjs,Manual local snapshots for a single-user workspace; not collaborative version control.,"Distributed database, automatic event sourcing, collaboration and retention policy"
P21-165,Research version history,Tenant-scoped version access,implemented-local-foundation,src/research/research-version-store.mjs; src/workspace/workspace-operations-store.mjs; apps/web/public/assets/routes/research-history.mjs,Manual local snapshots for a single-user workspace; not collaborative version control.,"Distributed database, automatic event sourcing, collaboration and retention policy"
P21-166,Research version history,User-scoped version access,implemented-local-foundation,src/research/research-version-store.mjs; src/workspace/workspace-operations-store.mjs; apps/web/public/assets/routes/research-history.mjs,Manual local snapshots for a single-user workspace; not collaborative version control.,"Distributed database, automatic event sourcing, collaboration and retention policy"
P21-167,Research version history,Added-item diff,implemented-local-foundation,src/research/research-version-store.mjs; src/workspace/workspace-operations-store.mjs; apps/web/public/assets/routes/research-history.mjs,Manual local snapshots for a single-user workspace; not collaborative version control.,"Distributed database, automatic event sourcing, collaboration and retention policy"
P21-168,Research version history,Removed-item diff,implemented-local-foundation,src/research/research-version-store.mjs; src/workspace/workspace-operations-store.mjs; apps/web/public/assets/routes/research-history.mjs,Manual local snapshots for a single-user workspace; not collaborative version control.,"Distributed database, automatic event sourcing, collaboration and retention policy"
P21-169,Research version history,Metadata-change diff,implemented-local-foundation,src/research/research-version-store.mjs; src/workspace/workspace-operations-store.mjs; apps/web/public/assets/routes/research-history.mjs,Manual local snapshots for a single-user workspace; not collaborative version control.,"Distributed database, automatic event sourcing, collaboration and retention policy"
P21-170,Research version history,Version restore,implemented-local-foundation,src/research/research-version-store.mjs; src/workspace/workspace-operations-store.mjs; apps/web/public/assets/routes/research-history.mjs,Manual local snapshots for a single-user workspace; not collaborative version control.,"Distributed database, automatic event sourcing, collaboration and retention policy"
P21-171,Research version history,Restore audit event,implemented-local-foundation,src/research/research-version-store.mjs; src/workspace/workspace-operations-store.mjs; apps/web/public/assets/routes/research-history.mjs,Manual local snapshots for a single-user workspace; not collaborative version control.,"Distributed database, automatic event sourcing, collaboration and retention policy"
P21-172,Research version history,Snapshot persistence,implemented-local-foundation,src/research/research-version-store.mjs; src/workspace/workspace-operations-store.mjs; apps/web/public/assets/routes/research-history.mjs,Manual local snapshots for a single-user workspace; not collaborative version control.,"Distributed database, automatic event sourcing, collaboration and retention policy"
P21-173,Research version history,Responsive research-history route,implemented-local-foundation,src/research/research-version-store.mjs; src/workspace/workspace-operations-store.mjs; apps/web/public/assets/routes/research-history.mjs,Manual local snapshots for a single-user workspace; not collaborative version control.,"Distributed database, automatic event sourcing, collaboration and retention policy"
P21-174,Research version history,Automatic snapshot on every mutation,partial-local-contract,src/research/research-version-store.mjs; packages/contracts/onboarding-automation-attribution.contract.json,"Core capture, diff and restore exist; advanced collaboration and retention are not implemented.","Event sourcing, collaboration, object storage and compliance workflows"
P21-175,Research version history,Branching,partial-local-contract,src/research/research-version-store.mjs; packages/contracts/onboarding-automation-attribution.contract.json,"Core capture, diff and restore exist; advanced collaboration and retention are not implemented.","Event sourcing, collaboration, object storage and compliance workflows"
P21-176,Research version history,Merge conflicts,partial-local-contract,src/research/research-version-store.mjs; packages/contracts/onboarding-automation-attribution.contract.json,"Core capture, diff and restore exist; advanced collaboration and retention are not implemented.","Event sourcing, collaboration, object storage and compliance workflows"
P21-177,Research version history,Comments on versions,partial-local-contract,src/research/research-version-store.mjs; packages/contracts/onboarding-automation-attribution.contract.json,"Core capture, diff and restore exist; advanced collaboration and retention are not implemented.","Event sourcing, collaboration, object storage and compliance workflows"
P21-178,Research version history,Retention rules,partial-local-contract,src/research/research-version-store.mjs; packages/contracts/onboarding-automation-attribution.contract.json,"Core capture, diff and restore exist; advanced collaboration and retention are not implemented.","Event sourcing, collaboration, object storage and compliance workflows"
P21-179,Research version history,Legal hold,partial-local-contract,src/research/research-version-store.mjs; packages/contracts/onboarding-automation-attribution.contract.json,"Core capture, diff and restore exist; advanced collaboration and retention are not implemented.","Event sourcing, collaboration, object storage and compliance workflows"
P21-180,Research version history,Exportable version archive,partial-local-contract,src/research/research-version-store.mjs; packages/contracts/onboarding-automation-attribution.contract.json,"Core capture, diff and restore exist; advanced collaboration and retention are not implemented.","Event sourcing, collaboration, object storage and compliance workflows"
P21-181,Research version history,Real-time collaborative versioning,production-deferred,packages/contracts/onboarding-automation-attribution.contract.json,No external collaboration or notarization claims are made.,"Collaboration service, external identity, signing service and legal review"
P21-182,Research version history,External share version history,production-deferred,packages/contracts/onboarding-automation-attribution.contract.json,No external collaboration or notarization claims are made.,"Collaboration service, external identity, signing service and legal review"
P21-183,Research version history,Cryptographic notarization,production-deferred,packages/contracts/onboarding-automation-attribution.contract.json,No external collaboration or notarization claims are made.,"Collaboration service, external identity, signing service and legal review"
P21-184,Database migration architecture,Migration plan API,implemented-local-foundation,src/platform/migration-plan-service.mjs; packages/migrations/001_foundation.sql; packages/migrations/002_workspace_state.sql; apps/web/public/assets/routes/migration-center.mjs,Architecture and SQL contracts only; no database connection or migration execution.,"Approved production database, secrets manager, rehearsal, backups, restore test and security review"
P21-185,Database migration architecture,Migration status API,implemented-local-foundation,src/platform/migration-plan-service.mjs; packages/migrations/001_foundation.sql; packages/migrations/002_workspace_state.sql; apps/web/public/assets/routes/migration-center.mjs,Architecture and SQL contracts only; no database connection or migration execution.,"Approved production database, secrets manager, rehearsal, backups, restore test and security review"
P21-186,Database migration architecture,Foundation SQL contract,implemented-local-foundation,src/platform/migration-plan-service.mjs; packages/migrations/001_foundation.sql; packages/migrations/002_workspace_state.sql; apps/web/public/assets/routes/migration-center.mjs,Architecture and SQL contracts only; no database connection or migration execution.,"Approved production database, secrets manager, rehearsal, backups, restore test and security review"
P21-187,Database migration architecture,Workspace-state SQL contract,implemented-local-foundation,src/platform/migration-plan-service.mjs; packages/migrations/001_foundation.sql; packages/migrations/002_workspace_state.sql; apps/web/public/assets/routes/migration-center.mjs,Architecture and SQL contracts only; no database connection or migration execution.,"Approved production database, secrets manager, rehearsal, backups, restore test and security review"
P21-188,Database migration architecture,Migration ledger table contract,implemented-local-foundation,src/platform/migration-plan-service.mjs; packages/migrations/001_foundation.sql; packages/migrations/002_workspace_state.sql; apps/web/public/assets/routes/migration-center.mjs,Architecture and SQL contracts only; no database connection or migration execution.,"Approved production database, secrets manager, rehearsal, backups, restore test and security review"
P21-189,Database migration architecture,Organization table contract,implemented-local-foundation,src/platform/migration-plan-service.mjs; packages/migrations/001_foundation.sql; packages/migrations/002_workspace_state.sql; apps/web/public/assets/routes/migration-center.mjs,Architecture and SQL contracts only; no database connection or migration execution.,"Approved production database, secrets manager, rehearsal, backups, restore test and security review"
P21-190,Database migration architecture,Workspace table contract,implemented-local-foundation,src/platform/migration-plan-service.mjs; packages/migrations/001_foundation.sql; packages/migrations/002_workspace_state.sql; apps/web/public/assets/routes/migration-center.mjs,Architecture and SQL contracts only; no database connection or migration execution.,"Approved production database, secrets manager, rehearsal, backups, restore test and security review"
P21-191,Database migration architecture,Tenant-scoped object table contract,implemented-local-foundation,src/platform/migration-plan-service.mjs; packages/migrations/001_foundation.sql; packages/migrations/002_workspace_state.sql; apps/web/public/assets/routes/migration-center.mjs,Architecture and SQL contracts only; no database connection or migration execution.,"Approved production database, secrets manager, rehearsal, backups, restore test and security review"
P21-192,Database migration architecture,Scope index contract,implemented-local-foundation,src/platform/migration-plan-service.mjs; packages/migrations/001_foundation.sql; packages/migrations/002_workspace_state.sql; apps/web/public/assets/routes/migration-center.mjs,Architecture and SQL contracts only; no database connection or migration execution.,"Approved production database, secrets manager, rehearsal, backups, restore test and security review"
P21-193,Database migration architecture,Expand-contract principle,implemented-local-foundation,src/platform/migration-plan-service.mjs; packages/migrations/001_foundation.sql; packages/migrations/002_workspace_state.sql; apps/web/public/assets/routes/migration-center.mjs,Architecture and SQL contracts only; no database connection or migration execution.,"Approved production database, secrets manager, rehearsal, backups, restore test and security review"
P21-194,Database migration architecture,Backfill checkpoint principle,implemented-local-foundation,src/platform/migration-plan-service.mjs; packages/migrations/001_foundation.sql; packages/migrations/002_workspace_state.sql; apps/web/public/assets/routes/migration-center.mjs,Architecture and SQL contracts only; no database connection or migration execution.,"Approved production database, secrets manager, rehearsal, backups, restore test and security review"
P21-195,Database migration architecture,Transactional-outbox principle,implemented-local-foundation,src/platform/migration-plan-service.mjs; packages/migrations/001_foundation.sql; packages/migrations/002_workspace_state.sql; apps/web/public/assets/routes/migration-center.mjs,Architecture and SQL contracts only; no database connection or migration execution.,"Approved production database, secrets manager, rehearsal, backups, restore test and security review"
P21-196,Database migration architecture,Reversible release principle,implemented-local-foundation,src/platform/migration-plan-service.mjs; packages/migrations/001_foundation.sql; packages/migrations/002_workspace_state.sql; apps/web/public/assets/routes/migration-center.mjs,Architecture and SQL contracts only; no database connection or migration execution.,"Approved production database, secrets manager, rehearsal, backups, restore test and security review"
P21-197,Database migration architecture,Environment requirement inventory,implemented-local-foundation,src/platform/migration-plan-service.mjs; packages/migrations/001_foundation.sql; packages/migrations/002_workspace_state.sql; apps/web/public/assets/routes/migration-center.mjs,Architecture and SQL contracts only; no database connection or migration execution.,"Approved production database, secrets manager, rehearsal, backups, restore test and security review"
P21-198,Database migration architecture,Production gate inventory,implemented-local-foundation,src/platform/migration-plan-service.mjs; packages/migrations/001_foundation.sql; packages/migrations/002_workspace_state.sql; apps/web/public/assets/routes/migration-center.mjs,Architecture and SQL contracts only; no database connection or migration execution.,"Approved production database, secrets manager, rehearsal, backups, restore test and security review"
P21-199,Database migration architecture,Responsive migration route,implemented-local-foundation,src/platform/migration-plan-service.mjs; packages/migrations/001_foundation.sql; packages/migrations/002_workspace_state.sql; apps/web/public/assets/routes/migration-center.mjs,Architecture and SQL contracts only; no database connection or migration execution.,"Approved production database, secrets manager, rehearsal, backups, restore test and security review"
P21-200,Database migration architecture,Market-data schema,partial-local-contract,src/platform/migration-plan-service.mjs; packages/contracts/onboarding-automation-attribution.contract.json,Phases are described but executable production migrations are not included.,"Infrastructure provisioning, capacity tests, rehearsals and operational ownership"
P21-201,Database migration architecture,Search-index migration,partial-local-contract,src/platform/migration-plan-service.mjs; packages/contracts/onboarding-automation-attribution.contract.json,Phases are described but executable production migrations are not included.,"Infrastructure provisioning, capacity tests, rehearsals and operational ownership"
P21-202,Database migration architecture,Event-broker migration,partial-local-contract,src/platform/migration-plan-service.mjs; packages/contracts/onboarding-automation-attribution.contract.json,Phases are described but executable production migrations are not included.,"Infrastructure provisioning, capacity tests, rehearsals and operational ownership"
P21-203,Database migration architecture,Redis migration,partial-local-contract,src/platform/migration-plan-service.mjs; packages/contracts/onboarding-automation-attribution.contract.json,Phases are described but executable production migrations are not included.,"Infrastructure provisioning, capacity tests, rehearsals and operational ownership"
P21-204,Database migration architecture,Object-storage migration,partial-local-contract,src/platform/migration-plan-service.mjs; packages/contracts/onboarding-automation-attribution.contract.json,Phases are described but executable production migrations are not included.,"Infrastructure provisioning, capacity tests, rehearsals and operational ownership"
P21-205,Database migration architecture,Dual-write phase,partial-local-contract,src/platform/migration-plan-service.mjs; packages/contracts/onboarding-automation-attribution.contract.json,Phases are described but executable production migrations are not included.,"Infrastructure provisioning, capacity tests, rehearsals and operational ownership"
P21-206,Database migration architecture,Backfill workers,partial-local-contract,src/platform/migration-plan-service.mjs; packages/contracts/onboarding-automation-attribution.contract.json,Phases are described but executable production migrations are not included.,"Infrastructure provisioning, capacity tests, rehearsals and operational ownership"
P21-207,Database migration architecture,Cutover dashboard,partial-local-contract,src/platform/migration-plan-service.mjs; packages/contracts/onboarding-automation-attribution.contract.json,Phases are described but executable production migrations are not included.,"Infrastructure provisioning, capacity tests, rehearsals and operational ownership"
P21-208,Database migration architecture,Rollback automation,partial-local-contract,src/platform/migration-plan-service.mjs; packages/contracts/onboarding-automation-attribution.contract.json,Phases are described but executable production migrations are not included.,"Infrastructure provisioning, capacity tests, rehearsals and operational ownership"
P21-209,Database migration architecture,Production database connection,production-deferred,src/platform/migration-plan-service.mjs; packages/contracts/onboarding-automation-attribution.contract.json,The downloadable package cannot alter production infrastructure.,"Explicit operator approval, credentials, environment access and change management"
P21-210,Database migration architecture,Automatic migration execution,production-deferred,src/platform/migration-plan-service.mjs; packages/contracts/onboarding-automation-attribution.contract.json,The downloadable package cannot alter production infrastructure.,"Explicit operator approval, credentials, environment access and change management"
P21-211,Database migration architecture,Production rollback execution,production-deferred,src/platform/migration-plan-service.mjs; packages/contracts/onboarding-automation-attribution.contract.json,The downloadable package cannot alter production infrastructure.,"Explicit operator approval, credentials, environment access and change management"
P21-212,Database migration architecture,Backup restore execution,production-deferred,src/platform/migration-plan-service.mjs; packages/contracts/onboarding-automation-attribution.contract.json,The downloadable package cannot alter production infrastructure.,"Explicit operator approval, credentials, environment access and change management"
P21-213,Database migration architecture,Distributed lock execution,production-deferred,src/platform/migration-plan-service.mjs; packages/contracts/onboarding-automation-attribution.contract.json,The downloadable package cannot alter production infrastructure.,"Explicit operator approval, credentials, environment access and change management"
P21-214,Platform and validation,Part 21 central route manifest,implemented-local-foundation,src/server/route-manifest.mjs; src/server/runtime.mjs; src/server/server.mjs; tests/part21-onboarding-automation-attribution.test.mjs,"Local validation evidence does not prove production security, scale or compliance.","Independent security review, performance testing, production deployment and operational validation"
P21-215,Platform and validation,Part 21 runtime composition,implemented-local-foundation,src/server/route-manifest.mjs; src/server/runtime.mjs; src/server/server.mjs; tests/part21-onboarding-automation-attribution.test.mjs,"Local validation evidence does not prove production security, scale or compliance.","Independent security review, performance testing, production deployment and operational validation"
P21-216,Platform and validation,Part 21 runtime schema enforcement,implemented-local-foundation,src/server/route-manifest.mjs; src/server/runtime.mjs; src/server/server.mjs; tests/part21-onboarding-automation-attribution.test.mjs,"Local validation evidence does not prove production security, scale or compliance.","Independent security review, performance testing, production deployment and operational validation"
P21-217,Platform and validation,Part 21 contract endpoint,implemented-local-foundation,src/server/route-manifest.mjs; src/server/runtime.mjs; src/server/server.mjs; tests/part21-onboarding-automation-attribution.test.mjs,"Local validation evidence does not prove production security, scale or compliance.","Independent security review, performance testing, production deployment and operational validation"
P21-218,Platform and validation,Part 21 health truth boundary,implemented-local-foundation,src/server/route-manifest.mjs; src/server/runtime.mjs; src/server/server.mjs; tests/part21-onboarding-automation-attribution.test.mjs,"Local validation evidence does not prove production security, scale or compliance.","Independent security review, performance testing, production deployment and operational validation"
P21-219,Platform and validation,Part 21 readiness metadata,implemented-local-foundation,src/server/route-manifest.mjs; src/server/runtime.mjs; src/server/server.mjs; tests/part21-onboarding-automation-attribution.test.mjs,"Local validation evidence does not prove production security, scale or compliance.","Independent security review, performance testing, production deployment and operational validation"
P21-220,Platform and validation,Part 21 configuration metadata,implemented-local-foundation,src/server/route-manifest.mjs; src/server/runtime.mjs; src/server/server.mjs; tests/part21-onboarding-automation-attribution.test.mjs,"Local validation evidence does not prove production security, scale or compliance.","Independent security review, performance testing, production deployment and operational validation"
P21-221,Platform and validation,Part 21 unit tests,implemented-local-foundation,src/server/route-manifest.mjs; src/server/runtime.mjs; src/server/server.mjs; tests/part21-onboarding-automation-attribution.test.mjs,"Local validation evidence does not prove production security, scale or compliance.","Independent security review, performance testing, production deployment and operational validation"
P21-222,Platform and validation,Part 21 API integration tests,implemented-local-foundation,src/server/route-manifest.mjs; src/server/runtime.mjs; src/server/server.mjs; tests/part21-onboarding-automation-attribution.test.mjs,"Local validation evidence does not prove production security, scale or compliance.","Independent security review, performance testing, production deployment and operational validation"
P21-223,Platform and validation,Part 21 modular frontend routes,implemented-local-foundation,src/server/route-manifest.mjs; src/server/runtime.mjs; src/server/server.mjs; tests/part21-onboarding-automation-attribution.test.mjs,"Local validation evidence does not prove production security, scale or compliance.","Independent security review, performance testing, production deployment and operational validation"
P21-224,Platform and validation,Session-bound CSRF on new mutations,implemented-local-foundation,src/server/route-manifest.mjs; src/server/runtime.mjs; src/server/server.mjs; tests/part21-onboarding-automation-attribution.test.mjs,"Local validation evidence does not prove production security, scale or compliance.","Independent security review, performance testing, production deployment and operational validation"
P21-225,Platform and validation,Idempotency on new mutations,implemented-local-foundation,src/server/route-manifest.mjs; src/server/runtime.mjs; src/server/server.mjs; tests/part21-onboarding-automation-attribution.test.mjs,"Local validation evidence does not prove production security, scale or compliance.","Independent security review, performance testing, production deployment and operational validation"
P21-226,Platform and validation,Audit events on new state stores,implemented-local-foundation,src/server/route-manifest.mjs; src/server/runtime.mjs; src/server/server.mjs; tests/part21-onboarding-automation-attribution.test.mjs,"Local validation evidence does not prove production security, scale or compliance.","Independent security review, performance testing, production deployment and operational validation"
P21-227,Platform and validation,Production identity isolation retained,implemented-local-foundation,src/server/route-manifest.mjs; src/server/runtime.mjs; src/server/server.mjs; tests/part21-onboarding-automation-attribution.test.mjs,"Local validation evidence does not prove production security, scale or compliance.","Independent security review, performance testing, production deployment and operational validation"
P21-228,Platform and validation,Dangerous financial routes absent,implemented-local-foundation,src/server/route-manifest.mjs; src/server/runtime.mjs; src/server/server.mjs; tests/part21-onboarding-automation-attribution.test.mjs,"Local validation evidence does not prove production security, scale or compliance.","Independent security review, performance testing, production deployment and operational validation"
P21-229,Platform and validation,Multi-browser certification,partial-local-contract,scripts/browser-render.py; scripts/accessibility-check.py; packages/contracts/onboarding-automation-attribution.contract.json,Automated local regression exists; independent certification and production-scale validation do not.,"Independent audit, browser matrix, load environment and production telemetry"
P21-230,Platform and validation,Independent WCAG audit,partial-local-contract,scripts/browser-render.py; scripts/accessibility-check.py; packages/contracts/onboarding-automation-attribution.contract.json,Automated local regression exists; independent certification and production-scale validation do not.,"Independent audit, browser matrix, load environment and production telemetry"
P21-231,Platform and validation,Load testing,partial-local-contract,scripts/browser-render.py; scripts/accessibility-check.py; packages/contracts/onboarding-automation-attribution.contract.json,Automated local regression exists; independent certification and production-scale validation do not.,"Independent audit, browser matrix, load environment and production telemetry"
P21-232,Platform and validation,Chaos testing,partial-local-contract,scripts/browser-render.py; scripts/accessibility-check.py; packages/contracts/onboarding-automation-attribution.contract.json,Automated local regression exists; independent certification and production-scale validation do not.,"Independent audit, browser matrix, load environment and production telemetry"
P21-233,Platform and validation,Mutation testing,partial-local-contract,scripts/browser-render.py; scripts/accessibility-check.py; packages/contracts/onboarding-automation-attribution.contract.json,Automated local regression exists; independent certification and production-scale validation do not.,"Independent audit, browser matrix, load environment and production telemetry"
P21-234,Platform and validation,Production observability alerts,partial-local-contract,scripts/browser-render.py; scripts/accessibility-check.py; packages/contracts/onboarding-automation-attribution.contract.json,Automated local regression exists; independent certification and production-scale validation do not.,"Independent audit, browser matrix, load environment and production telemetry"
P21-235,Platform and validation,Live trading,production-deferred,src/server/server.mjs; .env.example,High-risk financial and custody actions remain absent.,"Regulatory, custody, security and operational programs"
P21-236,Platform and validation,Transfers,production-deferred,src/server/server.mjs; .env.example,High-risk financial and custody actions remain absent.,"Regulatory, custody, security and operational programs"
P21-237,Platform and validation,Withdrawals,production-deferred,src/server/server.mjs; .env.example,High-risk financial and custody actions remain absent.,"Regulatory, custody, security and operational programs"
P21-238,Platform and validation,Private-key custody,production-deferred,src/server/server.mjs; .env.example,High-risk financial and custody actions remain absent.,"Regulatory, custody, security and operational programs"
P21-239,Platform and validation,Recovery-phrase custody,production-deferred,src/server/server.mjs; .env.example,High-risk financial and custody actions remain absent.,"Regulatory, custody, security and operational programs"
