Feature ID,Wave,Domain,Capability,Feature,Part 15 Evidence,Truth Status,Source Status
QF-0254,2,Identity and User System,Sign In and Passkey,Email/SSO/passkey entry,"Architecture contract only for email, OIDC and passkey; no production sign-in; evidence: Part 15 contracts/runtime boundary",partial local foundation,Planned
QF-0255,2,Identity and User System,Sign In and Passkey,device trust,"Local device inventory and trust attributes in identity runtime; evidence: src/identity, src/security, src/server and Part 15 UI/tests",implemented local foundation,Planned
QF-0256,2,Identity and User System,Sign In and Passkey,MFA,MFA methods contracted; only simulated step-up exists; evidence: Part 15 contracts/runtime boundary,partial local foundation,Planned
QF-0257,2,Identity and User System,Sign In and Passkey,recovery,Recovery architecture contracted; no recovery workflow; evidence: Part 15 contracts/runtime boundary,partial local foundation,Planned
QF-0258,2,Identity and User System,Sign In and Passkey,legal and security notices,"Security truth notices in identity route and contracts; evidence: src/identity, src/security, src/server and Part 15 UI/tests",implemented local foundation,Planned
QF-0259,2,Identity and User System,Onboarding,Role/goals,Local role fixtures exist; guided onboarding is deferred; evidence: Part 15 contracts/runtime boundary,partial local foundation,Planned
QF-0260,2,Identity and User System,Onboarding,asset classes,Cross-asset instrument taxonomy exists; onboarding choice is deferred; evidence: Part 15 contracts/runtime boundary,partial local foundation,Planned
QF-0261,2,Identity and User System,Onboarding,regions,Jurisdiction/territory fields exist; onboarding choice is deferred; evidence: Part 15 contracts/runtime boundary,partial local foundation,Planned
QF-0262,2,Identity and User System,Onboarding,data preferences,Entitlement and source preferences modeled; onboarding is deferred; evidence: Part 15 contracts/runtime boundary,partial local foundation,Planned
QF-0263,2,Identity and User System,Onboarding,theme/density,"Persisted theme and density preference controls; evidence: src/identity, src/security, src/server and Part 15 UI/tests",implemented local foundation,Planned
QF-0264,2,Identity and User System,Onboarding,provider connections,Provider registry/control surface exists; real connection workflow disabled; evidence: Part 15 contracts/runtime boundary,partial local foundation,Planned
QF-0265,2,Identity and User System,Onboarding,workspace template,Workspace records and layouts exist; template chooser is deferred; evidence: Part 15 contracts/runtime boundary,partial local foundation,Planned
QF-0266,2,Identity and User System,Global Command Palette,Assets,"Carried-forward command palette and route/action control surface; evidence: src/identity, src/security, src/server and Part 15 UI/tests",implemented local foundation,Planned
QF-0267,2,Identity and User System,Global Command Palette,routes,"Carried-forward command palette and route/action control surface; evidence: src/identity, src/security, src/server and Part 15 UI/tests",implemented local foundation,Planned
QF-0268,2,Identity and User System,Global Command Palette,commands,"Carried-forward command palette and route/action control surface; evidence: src/identity, src/security, src/server and Part 15 UI/tests",implemented local foundation,Planned
QF-0269,2,Identity and User System,Global Command Palette,layouts,"Carried-forward command palette and route/action control surface; evidence: src/identity, src/security, src/server and Part 15 UI/tests",implemented local foundation,Planned
QF-0270,2,Identity and User System,Global Command Palette,recent items,"Carried-forward command palette and route/action control surface; evidence: src/identity, src/security, src/server and Part 15 UI/tests",implemented local foundation,Planned
QF-0271,2,Identity and User System,Global Command Palette,actions,"Carried-forward command palette and route/action control surface; evidence: src/identity, src/security, src/server and Part 15 UI/tests",implemented local foundation,Planned
QF-0272,2,Identity and User System,Global Command Palette,settings,"Carried-forward command palette and route/action control surface; evidence: src/identity, src/security, src/server and Part 15 UI/tests",implemented local foundation,Planned
QF-0273,2,Identity and User System,Notification Inbox,Alerts,Alert state patterns exist; unified inbox is deferred; evidence: Part 15 contracts/runtime boundary,partial local foundation,Planned
QF-0274,2,Identity and User System,Notification Inbox,approvals,Approval obligations modeled; inbox workflow is deferred; evidence: Part 15 contracts/runtime boundary,partial local foundation,Planned
QF-0275,2,Identity and User System,Notification Inbox,incidents,"Data-quality incident surface in Security Evidence route; evidence: src/identity, src/security, src/server and Part 15 UI/tests",implemented local foundation,Planned
QF-0276,2,Identity and User System,Notification Inbox,sync failures,Provider failure evidence exists; inbox workflow is deferred; evidence: Part 15 contracts/runtime boundary,partial local foundation,Planned
QF-0277,2,Identity and User System,Notification Inbox,research mentions,Research surface preserved; mentions inbox is deferred; evidence: Part 15 contracts/runtime boundary,partial local foundation,Planned
QF-0278,2,Identity and User System,Notification Inbox,system notices,"System truth and safety notices in control surfaces; evidence: src/identity, src/security, src/server and Part 15 UI/tests",implemented local foundation,Planned
QF-0279,2,Identity and User System,Preferences,Theme laboratory,"Six-theme laboratory carried forward from Part 14; evidence: src/identity, src/security, src/server and Part 15 UI/tests",implemented local foundation,Partial prototype
QF-0280,2,Identity and User System,Preferences,density,"Comfortable, compact and terminal density persistence; evidence: src/identity, src/security, src/server and Part 15 UI/tests",implemented local foundation,Partial prototype
QF-0281,2,Identity and User System,Preferences,fonts,"Guarded typography scale and font-size preferences; evidence: src/identity, src/security, src/server and Part 15 UI/tests",implemented local foundation,Planned
QF-0282,2,Identity and User System,Preferences,motion,"Full, subtle and reduced-motion persistence; evidence: src/identity, src/security, src/server and Part 15 UI/tests",implemented local foundation,Partial prototype
QF-0283,2,Identity and User System,Preferences,layout,"Versioned local layout preference service; evidence: src/identity, src/security, src/server and Part 15 UI/tests",implemented local foundation,Partial prototype
QF-0284,2,Identity and User System,Preferences,locale,"Locale field in local identity profile; evidence: src/identity, src/security, src/server and Part 15 UI/tests",implemented local foundation,Planned
QF-0285,2,Identity and User System,Preferences,currency,"Base-currency field in local identity profile; evidence: src/identity, src/security, src/server and Part 15 UI/tests",implemented local foundation,Planned
QF-0286,2,Identity and User System,Preferences,timezone,"Timezone field in local identity profile; evidence: src/identity, src/security, src/server and Part 15 UI/tests",implemented local foundation,Planned
QF-0287,2,Identity and User System,Preferences,notifications,Notification UI affordance only; delivery/preferences backend deferred; evidence: Part 15 contracts/runtime boundary,partial local foundation,Planned
QF-0288,2,Identity and User System,Preferences,privacy,"Consent records and privacy data inventory; evidence: src/identity, src/security, src/server and Part 15 UI/tests",implemented local foundation,Planned
QF-0663,1,Design System and UX,Design Tokens,Semantic color token compiler,Preserved from Part 14: Implemented foundation / demonstrable local slice,partial implementation,Planned
QF-0664,1,Design System and UX,Design Tokens,Six curated theme modes,Preserved from Part 14: Implemented foundation / demonstrable local slice,partial implementation,Partial prototype
QF-0665,1,Design System and UX,Design Tokens,Custom accent validation,Preserved from Part 14: Implemented foundation / demonstrable local slice,partial implementation,Planned
QF-0666,1,Design System and UX,Design Tokens,Custom chart palette validation,Preserved from Part 14: Implemented foundation / demonstrable local slice,partial implementation,Planned
QF-0667,1,Design System and UX,Design Tokens,Density modes,Preserved from Part 14: Implemented foundation / demonstrable local slice,partial implementation,Partial prototype
QF-0668,1,Design System and UX,Design Tokens,Motion modes,Preserved from Part 14: Implemented foundation / demonstrable local slice,partial implementation,Partial prototype
QF-0669,1,Design System and UX,Design Tokens,Typography scale,Preserved from Part 14: Implemented foundation / demonstrable local slice,partial implementation,Planned
QF-0670,1,Design System and UX,Design Tokens,Financial-number typography,Preserved from Part 14: Implemented foundation / demonstrable local slice,partial implementation,Planned
QF-0671,1,Design System and UX,Design Tokens,Spacing and grid tokens,Preserved from Part 14: Implemented foundation / demonstrable local slice,partial implementation,Planned
QF-0672,1,Design System and UX,Design Tokens,Elevation and border tokens,Preserved from Part 14: Implemented foundation / demonstrable local slice,partial implementation,Planned
QF-0673,1,Design System and UX,Design Tokens,Theme versioning and rollback,Preserved from Part 14: Implemented foundation / demonstrable local slice,partial implementation,Planned
QF-0674,1,Design System and UX,Design Tokens,Theme import and export,Preserved from Part 14: Implemented foundation / demonstrable local slice,partial implementation,Planned
QF-0675,1,Design System and UX,Design Tokens,Color-vision-safe palettes,Preserved from Part 14: Implemented foundation / demonstrable local slice,partial implementation,Planned
QF-0676,1,Design System and UX,Design Tokens,Print and PDF theme,Preserved from Part 14: Implemented foundation / demonstrable local slice,partial implementation,Planned
QF-0677,1,Design System and UX,Design Tokens,White-label tenant branding with protected semantics,Preserved from Part 14: Implemented foundation / demonstrable local slice,partial implementation,Planned
QF-0678,1,Design System and UX,Interaction System,Hover-intent navigation,Preserved from Part 14: Implemented foundation / demonstrable local slice,partial implementation,Partial prototype
QF-0679,1,Design System and UX,Interaction System,Contextual row action rails,Preserved from Part 14: Implemented foundation / demonstrable local slice,partial implementation,Partial prototype
QF-0680,1,Design System and UX,Interaction System,Rich methodology popovers,Preserved from Part 14: Implemented foundation / demonstrable local slice,partial implementation,Planned
QF-0681,1,Design System and UX,Interaction System,Command palette,Preserved from Part 14: Implemented foundation / demonstrable local slice,partial implementation,Partial prototype
QF-0682,1,Design System and UX,Interaction System,Keyboard shortcut manager,Preserved from Part 14: Implemented foundation / demonstrable local slice,partial implementation,Planned
QF-0683,1,Design System and UX,Interaction System,Gesture conflict manager,Preserved from Part 14: Implemented foundation / demonstrable local slice,partial implementation,Planned
QF-0684,1,Design System and UX,Interaction System,Drag-and-drop layout editor,Preserved from Part 14: Implemented foundation / demonstrable local slice,partial implementation,Partial prototype
QF-0685,1,Design System and UX,Interaction System,Resizable panel framework,Preserved from Part 14: Implemented foundation / demonstrable local slice,partial implementation,Partial prototype
QF-0686,1,Design System and UX,Interaction System,Focus mode,Preserved from Part 14: Implemented foundation / demonstrable local slice,partial implementation,Planned
QF-0687,1,Design System and UX,Interaction System,Presentation mode,Preserved from Part 14: Implemented foundation / demonstrable local slice,partial implementation,Planned
QF-0688,1,Design System and UX,Interaction System,Multi-monitor detached panels,Preserved from Part 14: Implemented foundation / demonstrable local slice,partial implementation,Planned
QF-0689,1,Design System and UX,Interaction System,Undo command stack,Preserved from Part 14: Implemented foundation / demonstrable local slice,partial implementation,Planned
QF-0690,1,Design System and UX,Interaction System,Scroll restoration,Preserved from Part 14: Implemented foundation / demonstrable local slice,partial implementation,Planned
QF-0691,1,Design System and UX,Interaction System,Section spy navigation,Preserved from Part 14: Implemented foundation / demonstrable local slice,partial implementation,Planned
QF-0692,1,Design System and UX,Interaction System,Reduced-motion orchestration,Preserved from Part 14: Implemented foundation / demonstrable local slice,partial implementation,Partial prototype
QF-0693,1,Design System and UX,Accessibility,WCAG 2.2 AA conformance program,Preserved from Part 14: Implemented foundation / demonstrable local slice,partial implementation,Planned
QF-0694,1,Design System and UX,Accessibility,Visible focus system,Preserved from Part 14: Implemented foundation / demonstrable local slice,partial implementation,Planned
QF-0695,1,Design System and UX,Accessibility,Focus-not-obscured testing,Preserved from Part 14: Implemented foundation / demonstrable local slice,partial implementation,Planned
QF-0696,1,Design System and UX,Accessibility,Non-drag alternatives,Preserved from Part 14: Implemented foundation / demonstrable local slice,partial implementation,Planned
QF-0697,1,Design System and UX,Accessibility,Minimum target-size validation,Preserved from Part 14: Implemented foundation / demonstrable local slice,partial implementation,Planned
QF-0698,1,Design System and UX,Accessibility,Accessible authentication,Preserved from Part 14: Implemented foundation / demonstrable local slice,partial implementation,Planned
QF-0699,1,Design System and UX,Accessibility,Chart text summaries,Preserved from Part 14: Implemented foundation / demonstrable local slice,partial implementation,Planned
QF-0700,1,Design System and UX,Accessibility,Data-table alternatives,Preserved from Part 14: Implemented foundation / demonstrable local slice,partial implementation,Planned
QF-0701,1,Design System and UX,Accessibility,Screen-reader live-region policy,Preserved from Part 14: Implemented foundation / demonstrable local slice,partial implementation,Planned
QF-0702,1,Design System and UX,Accessibility,High Contrast override,Preserved from Part 14: Implemented foundation / demonstrable local slice,partial implementation,Planned
QF-0703,1,Design System and UX,Accessibility,200-percent zoom validation,Preserved from Part 14: Implemented foundation / demonstrable local slice,partial implementation,Planned
QF-0704,1,Design System and UX,Accessibility,Keyboard-only workflow certification,Preserved from Part 14: Implemented foundation / demonstrable local slice,partial implementation,Planned
QF-0705,1,Platform Foundation,Application Architecture,Modular frontend application,Preserved from Part 14: Implemented foundation / demonstrable local slice,partial implementation,Planned
QF-0706,1,Platform Foundation,Application Architecture,Typed route registry,Preserved from Part 14: Implemented foundation / demonstrable local slice,partial implementation,Planned
QF-0707,1,Platform Foundation,Application Architecture,Feature flag service,Preserved from Part 14: Implemented foundation / demonstrable local slice,partial implementation,Planned
QF-0708,1,Platform Foundation,Application Architecture,Environment and tenant context,Preserved from Part 14: Implemented foundation / demonstrable local slice,partial implementation,Planned
QF-0709,1,Platform Foundation,Application Architecture,Configuration validation,Preserved from Part 14: Implemented foundation / demonstrable local slice,partial implementation,Planned
QF-0710,1,Platform Foundation,Application Architecture,Secrets reference boundary,Preserved from Part 14: Implemented foundation / demonstrable local slice,partial implementation,Planned
QF-0711,1,Platform Foundation,Application Architecture,Server-side BFF,Preserved from Part 14: Implemented foundation / demonstrable local slice,partial implementation,Planned
QF-0712,1,Platform Foundation,Application Architecture,Service-to-service authentication,Preserved from Part 14: Implemented foundation / demonstrable local slice,partial implementation,Planned
QF-0713,1,Platform Foundation,Application Architecture,Idempotency framework,Preserved from Part 14: Implemented foundation / demonstrable local slice,partial implementation,Planned
QF-0714,1,Platform Foundation,Application Architecture,Request correlation IDs,Preserved from Part 14: Implemented foundation / demonstrable local slice,partial implementation,Planned
QF-0715,1,Platform Foundation,Application Architecture,Pagination and cursor standard,Preserved from Part 14: Implemented foundation / demonstrable local slice,partial implementation,Planned
QF-0716,1,Platform Foundation,Application Architecture,Decimal-string money standard,Preserved from Part 14: Implemented foundation / demonstrable local slice,partial implementation,Planned
QF-0717,1,Platform Foundation,Application Architecture,Date-time and timezone standard,Preserved from Part 14: Implemented foundation / demonstrable local slice,partial implementation,Planned
QF-0718,1,Platform Foundation,Application Architecture,Error-envelope standard,Preserved from Part 14: Implemented foundation / demonstrable local slice,partial implementation,Planned
QF-0719,1,Platform Foundation,Application Architecture,Dependency health registry,Preserved from Part 14: Implemented foundation / demonstrable local slice,partial implementation,Planned
QF-0720,1,Platform Foundation,Preference and Workspace Platform,Versioned user preferences,Preserved from Part 14: Implemented foundation / demonstrable local slice,partial implementation,Planned
QF-0721,1,Platform Foundation,Preference and Workspace Platform,Workspace layout service,Preserved from Part 14: Implemented foundation / demonstrable local slice,partial implementation,Planned
QF-0722,1,Platform Foundation,Preference and Workspace Platform,Breakpoint-specific layouts,Preserved from Part 14: Implemented foundation / demonstrable local slice,partial implementation,Planned
QF-0723,1,Platform Foundation,Preference and Workspace Platform,Workspace templates,Preserved from Part 14: Implemented foundation / demonstrable local slice,partial implementation,Planned
QF-0724,1,Platform Foundation,Preference and Workspace Platform,Workspace snapshots,Preserved from Part 14: Implemented foundation / demonstrable local slice,partial implementation,Planned
QF-0725,1,Platform Foundation,Preference and Workspace Platform,Preference conflict resolution,Preserved from Part 14: Implemented foundation / demonstrable local slice,partial implementation,Planned
QF-0726,1,Platform Foundation,Preference and Workspace Platform,Local-only preference mode,Preserved from Part 14: Implemented foundation / demonstrable local slice,partial implementation,Planned
QF-0727,1,Platform Foundation,Preference and Workspace Platform,Enterprise-managed defaults,Preserved from Part 14: Implemented foundation / demonstrable local slice,partial implementation,Planned
QF-0728,1,Platform Foundation,Preference and Workspace Platform,Preference audit trail,Preserved from Part 14: Implemented foundation / demonstrable local slice,partial implementation,Planned
QF-0729,1,Platform Foundation,Preference and Workspace Platform,Safe layout sharing,Preserved from Part 14: Implemented foundation / demonstrable local slice,partial implementation,Planned
QF-0730,1,Platform Foundation,Preference and Workspace Platform,Layout schema migration,Preserved from Part 14: Implemented foundation / demonstrable local slice,partial implementation,Planned
QF-0731,1,Platform Foundation,Preference and Workspace Platform,Workspace recovery,Preserved from Part 14: Implemented foundation / demonstrable local slice,partial implementation,Planned
QF-0732,2,Identity and User System,Authentication,Passkey registration,Production workflow remains deferred; architecture retained in packages/contracts/identity-security.contract.json,planned production contract,Planned
QF-0733,2,Identity and User System,Authentication,Passkey sign-in,Production workflow remains deferred; architecture retained in packages/contracts/identity-security.contract.json,planned production contract,Planned
QF-0734,2,Identity and User System,Authentication,Passwordless email link,Production workflow remains deferred; architecture retained in packages/contracts/identity-security.contract.json,planned production contract,Planned
QF-0735,2,Identity and User System,Authentication,Enterprise SSO,Production workflow remains deferred; architecture retained in packages/contracts/identity-security.contract.json,planned production contract,Planned
QF-0736,2,Identity and User System,Authentication,OAuth and OIDC federation,Production workflow remains deferred; architecture retained in packages/contracts/identity-security.contract.json,planned production contract,Planned
QF-0737,2,Identity and User System,Authentication,MFA and step-up authentication,"Explicitly simulated high-assurance step-up with expiry; evidence: src/identity, src/security, src/server and Part 15 UI/tests",implemented local foundation,Planned
QF-0738,2,Identity and User System,Authentication,Trusted-device management,"Local trusted-device inventory and trust attributes; evidence: src/identity, src/security, src/server and Part 15 UI/tests",implemented local foundation,Planned
QF-0739,2,Identity and User System,Authentication,Session inventory,"Local session inventory; evidence: src/identity, src/security, src/server and Part 15 UI/tests",implemented local foundation,Planned
QF-0740,2,Identity and User System,Authentication,Session revocation,"High-assurance local session revocation; evidence: src/identity, src/security, src/server and Part 15 UI/tests",implemented local foundation,Planned
QF-0741,2,Identity and User System,Authentication,Account recovery,Production workflow remains deferred; architecture retained in packages/contracts/identity-security.contract.json,planned production contract,Planned
QF-0742,2,Identity and User System,Authentication,Suspicious-login detection,Production workflow remains deferred; architecture retained in packages/contracts/identity-security.contract.json,planned production contract,Planned
QF-0743,2,Identity and User System,Authentication,Device and browser risk scoring,Production workflow remains deferred; architecture retained in packages/contracts/identity-security.contract.json,planned production contract,Planned
QF-0744,2,Identity and User System,Authorization,Tenant-aware RBAC,"Deny-by-default tenant-aware role evaluation; evidence: src/identity, src/security, src/server and Part 15 UI/tests",implemented local foundation,Planned
QF-0745,2,Identity and User System,Authorization,Attribute-based access control,"Attribute checks for tenant, workspace, device and assurance; evidence: src/identity, src/security, src/server and Part 15 UI/tests",implemented local foundation,Planned
QF-0746,2,Identity and User System,Authorization,Resource-level permissions,"Action/resource-level permission evaluation endpoint; evidence: src/identity, src/security, src/server and Part 15 UI/tests",implemented local foundation,Planned
QF-0747,2,Identity and User System,Authorization,Workspace membership,"Organization membership and workspace boundary model; evidence: src/identity, src/security, src/server and Part 15 UI/tests",implemented local foundation,Planned
QF-0748,2,Identity and User System,Authorization,Role templates,"Static governed role-permission templates; evidence: src/identity, src/security, src/server and Part 15 UI/tests",implemented local foundation,Planned
QF-0749,2,Identity and User System,Authorization,Temporary access grants,Production workflow remains deferred; architecture retained in packages/contracts/identity-security.contract.json,planned production contract,Planned
QF-0750,2,Identity and User System,Authorization,Just-in-time access,Production workflow remains deferred; architecture retained in packages/contracts/identity-security.contract.json,planned production contract,Planned
QF-0751,2,Identity and User System,Authorization,Delegation,Production workflow remains deferred; architecture retained in packages/contracts/identity-security.contract.json,planned production contract,Planned
QF-0752,2,Identity and User System,Authorization,Impersonation with audit,Production workflow remains deferred; architecture retained in packages/contracts/identity-security.contract.json,planned production contract,Planned
QF-0753,2,Identity and User System,Authorization,API token scopes,Production workflow remains deferred; architecture retained in packages/contracts/identity-security.contract.json,planned production contract,Planned
QF-0754,2,Identity and User System,Authorization,Service accounts,Production workflow remains deferred; architecture retained in packages/contracts/identity-security.contract.json,planned production contract,Planned
QF-0755,2,Identity and User System,Authorization,Entitlement-aware data access,"Provider access integrates server-side entitlement decisions; evidence: src/identity, src/security, src/server and Part 15 UI/tests",implemented local foundation,Planned
QF-0756,2,Identity and User System,User Lifecycle,User invitation,Production workflow remains deferred; architecture retained in packages/contracts/identity-security.contract.json,planned production contract,Planned
QF-0757,2,Identity and User System,User Lifecycle,Onboarding,Production workflow remains deferred; architecture retained in packages/contracts/identity-security.contract.json,planned production contract,Planned
QF-0758,2,Identity and User System,User Lifecycle,Profile management,"Readable deterministic local profile fixture; evidence: src/identity, src/security, src/server and Part 15 UI/tests",implemented local foundation,Planned
QF-0759,2,Identity and User System,User Lifecycle,Organization switching,Production workflow remains deferred; architecture retained in packages/contracts/identity-security.contract.json,planned production contract,Planned
QF-0760,2,Identity and User System,User Lifecycle,Account deletion workflow,Production workflow remains deferred; architecture retained in packages/contracts/identity-security.contract.json,planned production contract,Planned
QF-0761,2,Identity and User System,User Lifecycle,Data export request,Production workflow remains deferred; architecture retained in packages/contracts/identity-security.contract.json,planned production contract,Planned
QF-0762,2,Identity and User System,User Lifecycle,Consent history,"Purpose-specific consent records with audit history; evidence: src/identity, src/security, src/server and Part 15 UI/tests",implemented local foundation,Planned
QF-0763,2,Identity and User System,User Lifecycle,Notification preferences,Production workflow remains deferred; architecture retained in packages/contracts/identity-security.contract.json,planned production contract,Planned
QF-0764,2,Identity and User System,User Lifecycle,Locale and timezone preferences,"Locale and timezone profile preferences; evidence: src/identity, src/security, src/server and Part 15 UI/tests",implemented local foundation,Planned
QF-0765,2,Identity and User System,User Lifecycle,User activity history,"Hash-chained local activity and mutation audit history; evidence: src/identity, src/security, src/server and Part 15 UI/tests",implemented local foundation,Planned
QF-0766,2,Security and Privacy,Application Security,OWASP ASVS 5.0 verification program,Production workflow remains deferred; architecture retained in packages/contracts/identity-security.contract.json,planned production contract,Planned
QF-0767,2,Security and Privacy,Application Security,Threat modeling,Production workflow remains deferred; architecture retained in packages/contracts/identity-security.contract.json,planned production contract,Planned
QF-0768,2,Security and Privacy,Application Security,Secure coding standard,Production workflow remains deferred; architecture retained in packages/contracts/identity-security.contract.json,planned production contract,Planned
QF-0769,2,Security and Privacy,Application Security,Dependency scanning,Production workflow remains deferred; architecture retained in packages/contracts/identity-security.contract.json,planned production contract,Planned
QF-0770,2,Security and Privacy,Application Security,Secret scanning,Production workflow remains deferred; architecture retained in packages/contracts/identity-security.contract.json,planned production contract,Planned
QF-0771,2,Security and Privacy,Application Security,SAST,Production workflow remains deferred; architecture retained in packages/contracts/identity-security.contract.json,planned production contract,Planned
QF-0772,2,Security and Privacy,Application Security,DAST,Production workflow remains deferred; architecture retained in packages/contracts/identity-security.contract.json,planned production contract,Planned
QF-0773,2,Security and Privacy,Application Security,API fuzz testing,Production workflow remains deferred; architecture retained in packages/contracts/identity-security.contract.json,planned production contract,Planned
QF-0774,2,Security and Privacy,Application Security,CSP and Trusted Types,Strict CSP implemented; Trusted Types deployment deferred; evidence: Part 15 contracts/runtime boundary,partial local foundation,Planned
QF-0775,2,Security and Privacy,Application Security,CSRF protection,"Local same-origin CSRF proof for unsafe methods; evidence: src/identity, src/security, src/server and Part 15 UI/tests",implemented local foundation,Planned
QF-0776,2,Security and Privacy,Application Security,SSRF protection,Production workflow remains deferred; architecture retained in packages/contracts/identity-security.contract.json,planned production contract,Planned
QF-0777,2,Security and Privacy,Application Security,Request size limits,"256 KB JSON request body limit; evidence: src/identity, src/security, src/server and Part 15 UI/tests",implemented local foundation,Planned
QF-0778,2,Security and Privacy,Application Security,Rate limiting,"Token-bucket request and provider rate limits; evidence: src/identity, src/security, src/server and Part 15 UI/tests",implemented local foundation,Planned
QF-0779,2,Security and Privacy,Application Security,Bot and abuse controls,Rate controls implemented; production bot/abuse system deferred; evidence: Part 15 contracts/runtime boundary,partial local foundation,Planned
QF-0780,2,Security and Privacy,Application Security,File-upload sandboxing,Production workflow remains deferred; architecture retained in packages/contracts/identity-security.contract.json,planned production contract,Planned
QF-0781,2,Security and Privacy,Application Security,Secure headers,"CSP, frame, MIME, referrer, permissions and isolation headers; evidence: src/identity, src/security, src/server and Part 15 UI/tests",implemented local foundation,Planned
QF-0782,2,Security and Privacy,Application Security,Cryptographic key rotation,Production workflow remains deferred; architecture retained in packages/contracts/identity-security.contract.json,planned production contract,Planned
QF-0783,2,Security and Privacy,Application Security,Database encryption,Production workflow remains deferred; architecture retained in packages/contracts/identity-security.contract.json,planned production contract,Planned
QF-0784,2,Security and Privacy,Application Security,Object storage encryption,Production workflow remains deferred; architecture retained in packages/contracts/identity-security.contract.json,planned production contract,Planned
QF-0785,2,Security and Privacy,Application Security,Data masking,"Provider credential values never exposed; restricted audit classification; evidence: src/identity, src/security, src/server and Part 15 UI/tests",implemented local foundation,Planned
QF-0786,2,Security and Privacy,Application Security,Production access control,Local authorization implemented; production access-control operations deferred; evidence: Part 15 contracts/runtime boundary,partial local foundation,Planned
QF-0787,2,Security and Privacy,Application Security,Break-glass access,Production workflow remains deferred; architecture retained in packages/contracts/identity-security.contract.json,planned production contract,Planned
QF-0788,2,Security and Privacy,Privacy,Data inventory,"Privacy data-inventory endpoint; evidence: src/identity, src/security, src/server and Part 15 UI/tests",implemented local foundation,Planned
QF-0789,2,Security and Privacy,Privacy,Purpose limitation registry,"Purpose fields on consent and privacy categories; evidence: src/identity, src/security, src/server and Part 15 UI/tests",implemented local foundation,Planned
QF-0790,2,Security and Privacy,Privacy,Retention schedules,"Local retention descriptions in privacy inventory; evidence: src/identity, src/security, src/server and Part 15 UI/tests",implemented local foundation,Planned
QF-0791,2,Security and Privacy,Privacy,Deletion and legal-hold workflow,Production workflow remains deferred; architecture retained in packages/contracts/identity-security.contract.json,planned production contract,Planned
QF-0792,2,Security and Privacy,Privacy,Consent and preference records,"Persistent purpose-specific consent records; evidence: src/identity, src/security, src/server and Part 15 UI/tests",implemented local foundation,Planned
QF-0793,2,Security and Privacy,Privacy,Privacy-safe telemetry,No external telemetry by default; privacy-safe telemetry service deferred; evidence: Part 15 contracts/runtime boundary,partial local foundation,Planned
QF-0794,2,Security and Privacy,Privacy,Data residency controls,Local-only residency field modeled; enforceable residency controls deferred; evidence: Part 15 contracts/runtime boundary,partial local foundation,Planned
QF-0795,2,Security and Privacy,Privacy,Cross-border transfer register,Production workflow remains deferred; architecture retained in packages/contracts/identity-security.contract.json,planned production contract,Planned
QF-0796,2,Security and Privacy,Privacy,PII minimization,"Fixture profile minimizes collected personal fields; evidence: src/identity, src/security, src/server and Part 15 UI/tests",implemented local foundation,Planned
QF-0797,2,Security and Privacy,Privacy,Sensitive-data classification,"Audit classifications and explicit sensitive-data exclusions; evidence: src/identity, src/security, src/server and Part 15 UI/tests",implemented local foundation,Planned
QF-0798,2,Security and Privacy,Privacy,Privacy incident response,Production workflow remains deferred; architecture retained in packages/contracts/identity-security.contract.json,planned production contract,Planned
QF-0799,2,Security and Privacy,Privacy,User access and correction workflows,Production workflow remains deferred; architecture retained in packages/contracts/identity-security.contract.json,planned production contract,Planned
QF-0800,3,Data Mesh and Provider Runtime,Provider Runtime,Provider capability registry,"Provider capability registry with adapter capabilities; evidence: src/providers, src/data-quality, src/instruments and tests",implemented deterministic local foundation,Partial prototype
QF-0801,3,Data Mesh and Provider Runtime,Provider Runtime,Provider configuration states,"Enabled/disabled provider configuration states; evidence: src/providers, src/data-quality, src/instruments and tests",implemented deterministic local foundation,Planned
QF-0802,3,Data Mesh and Provider Runtime,Provider Runtime,Credential reference manager,"Opaque credential references with no secret material exposure; evidence: src/providers, src/data-quality, src/instruments and tests",implemented deterministic local foundation,Planned
QF-0803,3,Data Mesh and Provider Runtime,Provider Runtime,Timeout policies,"Per-request deadlines and timeout classification; evidence: src/providers, src/data-quality, src/instruments and tests",implemented deterministic local foundation,Partial prototype
QF-0804,3,Data Mesh and Provider Runtime,Provider Runtime,Retry with jitter,"Two-attempt bounded retry with deterministic jitter; evidence: src/providers, src/data-quality, src/instruments and tests",implemented deterministic local foundation,Planned
QF-0805,3,Data Mesh and Provider Runtime,Provider Runtime,Circuit breakers,"Failure-threshold circuit breaker; evidence: src/providers, src/data-quality, src/instruments and tests",implemented deterministic local foundation,Partial prototype
QF-0806,3,Data Mesh and Provider Runtime,Provider Runtime,Bulkheads,"Four-operation per-provider bulkhead; evidence: src/providers, src/data-quality, src/instruments and tests",implemented deterministic local foundation,Planned
QF-0807,3,Data Mesh and Provider Runtime,Provider Runtime,Request deduplication,"In-flight request deduplication; evidence: src/providers, src/data-quality, src/instruments and tests",implemented deterministic local foundation,Planned
QF-0808,3,Data Mesh and Provider Runtime,Provider Runtime,Provider-specific rate limits,"Tenant/provider-scoped local token bucket; evidence: src/providers, src/data-quality, src/instruments and tests",implemented deterministic local foundation,Planned
QF-0809,3,Data Mesh and Provider Runtime,Provider Runtime,Global quota coordination,Local quota enforcement exists; distributed global coordination deferred; evidence: Part 15 schema/contract/runtime,partial local foundation,Planned
QF-0810,3,Data Mesh and Provider Runtime,Provider Runtime,TTL cache,"TTL cache; evidence: src/providers, src/data-quality, src/instruments and tests",implemented deterministic local foundation,Partial prototype
QF-0811,3,Data Mesh and Provider Runtime,Provider Runtime,Stale-while-revalidate,"Configured stale window; evidence: src/providers, src/data-quality, src/instruments and tests",implemented deterministic local foundation,Planned
QF-0812,3,Data Mesh and Provider Runtime,Provider Runtime,Last-known-good fallback,"Last-known-good stale fallback; evidence: src/providers, src/data-quality, src/instruments and tests",implemented deterministic local foundation,Partial prototype
QF-0813,3,Data Mesh and Provider Runtime,Provider Runtime,Provider latency scoring,"Latency samples and provider score; evidence: src/providers, src/data-quality, src/instruments and tests",implemented deterministic local foundation,Partial prototype
QF-0814,3,Data Mesh and Provider Runtime,Provider Runtime,Provider quality scoring,"Quality score and quote validation result; evidence: src/providers, src/data-quality, src/instruments and tests",implemented deterministic local foundation,Planned
QF-0815,3,Data Mesh and Provider Runtime,Provider Runtime,Provider cost tracking,"Cost-unit accounting; evidence: src/providers, src/data-quality, src/instruments and tests",implemented deterministic local foundation,Planned
QF-0816,3,Data Mesh and Provider Runtime,Provider Runtime,Provider failover policy,"Automatic primary-secondary-validation selection and failover; evidence: src/providers, src/data-quality, src/instruments and tests",implemented deterministic local foundation,Planned
QF-0817,3,Data Mesh and Provider Runtime,Provider Runtime,Provider maintenance windows,Maintenance field exists in registry; scheduling workflow deferred; evidence: Part 15 schema/contract/runtime,partial local foundation,Planned
QF-0818,3,Data Mesh and Provider Runtime,Provider Runtime,Provider contract tests,"Provider runtime and failover regression tests; evidence: src/providers, src/data-quality, src/instruments and tests",implemented deterministic local foundation,Partial prototype
QF-0819,3,Data Mesh and Provider Runtime,Provider Runtime,Provider sandbox fixtures,"Three deterministic fixture adapters and failure scenarios; evidence: src/providers, src/data-quality, src/instruments and tests",implemented deterministic local foundation,Planned
QF-0820,3,Data Mesh and Provider Runtime,Provider Runtime,Provider deprecation workflow,Deprecation metadata exists; managed workflow deferred; evidence: Part 15 schema/contract/runtime,partial local foundation,Planned
QF-0821,3,Data Mesh and Provider Runtime,Data Quality,Schema validation,"Quote schema and required-field validation; evidence: src/providers, src/data-quality, src/instruments and tests",implemented deterministic local foundation,Planned
QF-0822,3,Data Mesh and Provider Runtime,Data Quality,Range validation,"Numeric, non-negative and timestamp range validation; evidence: src/providers, src/data-quality, src/instruments and tests",implemented deterministic local foundation,Planned
QF-0823,3,Data Mesh and Provider Runtime,Data Quality,Outlier detection,"Configurable large-move outlier detection; evidence: src/providers, src/data-quality, src/instruments and tests",implemented deterministic local foundation,Planned
QF-0824,3,Data Mesh and Provider Runtime,Data Quality,Cross-provider reconciliation,"Cross-provider variance reconciliation helper; evidence: src/providers, src/data-quality, src/instruments and tests",implemented deterministic local foundation,Planned
QF-0825,3,Data Mesh and Provider Runtime,Data Quality,Corporate-action adjustment validation,Corporate-action structure exists; adjustment validation deferred; evidence: Part 15 schema/contract/runtime,partial local foundation,Planned
QF-0826,3,Data Mesh and Provider Runtime,Data Quality,Timestamp validation,"Observed/received timestamp validation; evidence: src/providers, src/data-quality, src/instruments and tests",implemented deterministic local foundation,Planned
QF-0827,3,Data Mesh and Provider Runtime,Data Quality,Sequence-gap detection,"Channel sequence-gap detection; evidence: src/providers, src/data-quality, src/instruments and tests",implemented deterministic local foundation,Planned
QF-0828,3,Data Mesh and Provider Runtime,Data Quality,Duplicate-event detection,"Event-ID duplicate detection; evidence: src/providers, src/data-quality, src/instruments and tests",implemented deterministic local foundation,Planned
QF-0829,3,Data Mesh and Provider Runtime,Data Quality,Missing-field classification,"Missing-field classification; evidence: src/providers, src/data-quality, src/instruments and tests",implemented deterministic local foundation,Planned
QF-0830,3,Data Mesh and Provider Runtime,Data Quality,Confidence scoring,"Deterministic confidence scoring; evidence: src/providers, src/data-quality, src/instruments and tests",implemented deterministic local foundation,Planned
QF-0831,3,Data Mesh and Provider Runtime,Data Quality,Data lineage,"Provider/source/freshness/entitlement lineage metadata; evidence: src/providers, src/data-quality, src/instruments and tests",implemented deterministic local foundation,Planned
QF-0832,3,Data Mesh and Provider Runtime,Data Quality,Data-quality incidents,"Local data-quality incident records; evidence: src/providers, src/data-quality, src/instruments and tests",implemented deterministic local foundation,Planned
QF-0833,3,Data Mesh and Provider Runtime,Data Quality,Quality SLA reporting,Quality metrics exist; formal SLA reporting deferred; evidence: Part 15 schema/contract/runtime,partial local foundation,Planned
QF-0834,3,Data Mesh and Provider Runtime,Data Quality,Manual override with audit,"High-assurance idempotent override with hash-chained audit; evidence: src/providers, src/data-quality, src/instruments and tests",implemented deterministic local foundation,Planned
QF-0835,3,Instrument Master and Reference Data,Instrument Master,Canonical instrument IDs,"Immutable QI canonical IDs; evidence: src/providers, src/data-quality, src/instruments and tests",implemented deterministic local foundation,Planned
QF-0836,3,Instrument Master and Reference Data,Instrument Master,Asset-class taxonomy,"Cross-asset taxonomy across crypto, equity, FX, fund, index and more; evidence: src/providers, src/data-quality, src/instruments and tests",implemented deterministic local foundation,Planned
QF-0837,3,Instrument Master and Reference Data,Instrument Master,Venue master,"Persistent venue master; evidence: src/providers, src/data-quality, src/instruments and tests",implemented deterministic local foundation,Planned
QF-0838,3,Instrument Master and Reference Data,Instrument Master,Trading-pair master,"Pair-base and pair-quote relationship model; evidence: src/providers, src/data-quality, src/instruments and tests",implemented deterministic local foundation,Planned
QF-0839,3,Instrument Master and Reference Data,Instrument Master,Issuer and legal-entity master,"Issuer and legal-entity references; evidence: src/providers, src/data-quality, src/instruments and tests",implemented deterministic local foundation,Planned
QF-0840,3,Instrument Master and Reference Data,Instrument Master,Corporate identifier mapping,"Ticker, CIK and governed identifier mappings; evidence: src/providers, src/data-quality, src/instruments and tests",implemented deterministic local foundation,Planned
QF-0841,3,Instrument Master and Reference Data,Instrument Master,Contract-address registry,"Explicitly simulated contract-address registry entry; evidence: src/providers, src/data-quality, src/instruments and tests",implemented deterministic local foundation,Planned
QF-0842,3,Instrument Master and Reference Data,Instrument Master,Share-class relationships,Share-class relationship type is governed; no complete issuer hierarchy fixture; evidence: Part 15 schema/contract/runtime,partial local foundation,Planned
QF-0843,3,Instrument Master and Reference Data,Instrument Master,Underlying and derivative relationships,"Underlying and derivative relationship types and governance endpoint; evidence: src/providers, src/data-quality, src/instruments and tests",implemented deterministic local foundation,Planned
QF-0844,3,Instrument Master and Reference Data,Instrument Master,Wrapped-asset relationships,"Wrapped relationship type and governance endpoint; evidence: src/providers, src/data-quality, src/instruments and tests",implemented deterministic local foundation,Planned
QF-0845,3,Instrument Master and Reference Data,Instrument Master,Tokenized-security relationships,"Tokenized QQQB-to-QQQ relationship fixture; evidence: src/providers, src/data-quality, src/instruments and tests",implemented deterministic local foundation,Planned
QF-0846,3,Instrument Master and Reference Data,Instrument Master,Fund and constituent relationships,Fund/index tracking and constituent types exist; complete holdings master deferred; evidence: Part 15 schema/contract/runtime,partial local foundation,Planned
QF-0847,3,Instrument Master and Reference Data,Instrument Master,Delisted instrument handling,"Instrument status supports active/delisted lifecycle state; evidence: src/providers, src/data-quality, src/instruments and tests",implemented deterministic local foundation,Planned
QF-0848,3,Instrument Master and Reference Data,Instrument Master,Symbol-change history,"Revisioned symbol history with governed local mutation; evidence: src/providers, src/data-quality, src/instruments and tests",implemented deterministic local foundation,Planned
QF-0849,3,Instrument Master and Reference Data,Instrument Master,Mergers and acquisitions mapping,Not implemented in Part 15; retained as a production reference-data/runtime requirement,planned production contract,Planned
QF-0850,3,Instrument Master and Reference Data,Instrument Master,Corporate actions,Corporate-action collection exists but production workflow and feed are deferred; evidence: Part 15 schema/contract/runtime,partial local foundation,Planned
QF-0851,3,Instrument Master and Reference Data,Instrument Master,Exchange calendars,"Exchange calendar master; evidence: src/providers, src/data-quality, src/instruments and tests",implemented deterministic local foundation,Planned
QF-0852,3,Instrument Master and Reference Data,Instrument Master,Market sessions,"Timezone-explicit market session definitions; evidence: src/providers, src/data-quality, src/instruments and tests",implemented deterministic local foundation,Planned
QF-0853,3,Instrument Master and Reference Data,Instrument Master,Currency master,"Currency master; evidence: src/providers, src/data-quality, src/instruments and tests",implemented deterministic local foundation,Planned
QF-0854,3,Instrument Master and Reference Data,Instrument Master,Unit and precision master,"Instrument and currency precision fields; evidence: src/providers, src/data-quality, src/instruments and tests",implemented deterministic local foundation,Planned
QF-0855,3,Instrument Master and Reference Data,Instrument Master,Geography and jurisdiction taxonomy,"Jurisdiction and geography fields; evidence: src/providers, src/data-quality, src/instruments and tests",implemented deterministic local foundation,Planned
QF-0856,3,Instrument Master and Reference Data,Instrument Master,Sector and industry taxonomy,"Sector and industry taxonomy fields; evidence: src/providers, src/data-quality, src/instruments and tests",implemented deterministic local foundation,Planned
QF-0857,3,Instrument Master and Reference Data,Instrument Master,Index membership history,"Index membership history fixture; evidence: src/providers, src/data-quality, src/instruments and tests",implemented deterministic local foundation,Planned
