api_id,path,release,status
API001,"/api/health",23.0.0,implemented-or-inherited
API002,"/api/ready",23.0.0,implemented-or-inherited
API003,"/api/v1/config",23.0.0,implemented-or-inherited
API004,"/api/v1/auth/status",23.0.0,implemented-or-inherited
API005,"/api/v1/auth/register",23.0.0,implemented-or-inherited
API006,"/api/v1/auth/login",23.0.0,implemented-or-inherited
API007,"/api/v1/auth/logout",23.0.0,implemented-or-inherited
API008,"/api/v1/auth/refresh",23.0.0,implemented-or-inherited
API009,"/api/v1/production-foundation/status",23.0.0,implemented-or-inherited
API010,"/api/v1/jobs",23.0.0,implemented-or-inherited
API011,"/api/v1/jobs/:id",23.0.0,implemented-or-inherited
API012,"/api/v1/jobs/notifications",23.0.0,implemented-or-inherited
API013,"/api/v1/production-notifications",23.0.0,implemented-or-inherited
API014,"/api/v1/live-markets/catalog",23.0.0,implemented-or-inherited
API015,"/api/v1/live-markets/status",23.0.0,implemented-or-inherited
API016,"/api/v1/live-markets/candles",23.0.0,implemented-or-inherited
API017,"/api/v1/live-markets/ticker",23.0.0,implemented-or-inherited
API018,"/api/v1/session/context",23.0.0,implemented-or-inherited
API019,"/api/v1/workspaces",23.0.0,implemented-or-inherited
API020,"/api/v1/sessions",23.0.0,implemented-or-inherited
API021,"/api/v1/devices",23.0.0,implemented-or-inherited
API022,"/api/v1/auth/step-up/simulate",23.0.0,implemented-or-inherited
API023,"/api/v1/access/evaluate",23.0.0,implemented-or-inherited
API024,"/api/v1/privacy/consents",23.0.0,implemented-or-inherited
API025,"/api/v1/privacy/data-inventory",23.0.0,implemented-or-inherited
API026,"/api/v1/market/overview",23.0.0,implemented-or-inherited
API027,"/api/v1/rankings",23.0.0,implemented-or-inherited
API028,"/api/v1/search",23.0.0,implemented-or-inherited
API029,"/api/v1/search/suggestions",23.0.0,implemented-or-inherited
API030,"/api/v1/assets/:id",23.0.0,implemented-or-inherited
API031,"/api/v1/watchlist",23.0.0,implemented-or-inherited
API032,"/api/v1/discovery/overview",23.0.0,implemented-or-inherited
API033,"/api/v1/discovery/rankings",23.0.0,implemented-or-inherited
API034,"/api/v1/discovery/categories",23.0.0,implemented-or-inherited
API035,"/api/v1/discovery/categories/:id",23.0.0,implemented-or-inherited
API036,"/api/v1/discovery/venues",23.0.0,implemented-or-inherited
API037,"/api/v1/discovery/venues/:id",23.0.0,implemented-or-inherited
API038,"/api/v1/discovery/dex",23.0.0,implemented-or-inherited
API039,"/api/v1/discovery/dex/:id",23.0.0,implemented-or-inherited
API040,"/api/v1/discovery/global-charts",23.0.0,implemented-or-inherited
API041,"/api/v1/discovery/prediction-markets",23.0.0,implemented-or-inherited
API042,"/api/v1/discovery/converter",23.0.0,implemented-or-inherited
API043,"/api/v1/discovery/news",23.0.0,implemented-or-inherited
API044,"/api/v1/discovery/research",23.0.0,implemented-or-inherited
API045,"/api/v1/discovery/research/:id",23.0.0,implemented-or-inherited
API046,"/api/v1/discovery/methodologies",23.0.0,implemented-or-inherited
API047,"/api/v1/discovery/methodologies/:id",23.0.0,implemented-or-inherited
API048,"/api/v1/discovery/coverage",23.0.0,implemented-or-inherited
API049,"/api/v1/discovery/status",23.0.0,implemented-or-inherited
API050,"/api/v1/discovery/saved",23.0.0,implemented-or-inherited
API051,"/api/v1/discovery/saved/searches",23.0.0,implemented-or-inherited
API052,"/api/v1/discovery/saved/screens",23.0.0,implemented-or-inherited
API053,"/api/v1/discovery/saved/compare-tray",23.0.0,implemented-or-inherited
API054,"/api/v1/providers/runtime",23.0.0,implemented-or-inherited
API055,"/api/v1/providers/execute",23.0.0,implemented-or-inherited
API056,"/api/v1/providers/:id/execute",23.0.0,implemented-or-inherited
API057,"/api/v1/providers/:id/diagnostics",23.0.0,implemented-or-inherited
API058,"/api/v1/entitlements/evaluate",23.0.0,implemented-or-inherited
API059,"/api/v1/instruments/summary",23.0.0,implemented-or-inherited
API060,"/api/v1/instruments/search",23.0.0,implemented-or-inherited
API061,"/api/v1/instruments/resolve",23.0.0,implemented-or-inherited
API062,"/api/v1/instruments/:id",23.0.0,implemented-or-inherited
API063,"/api/v1/instruments/:id/relationships",23.0.0,implemented-or-inherited
API064,"/api/v1/data-quality/incidents",23.0.0,implemented-or-inherited
API065,"/api/v1/data-quality/overrides",23.0.0,implemented-or-inherited
API066,"/api/v1/preferences/layout",23.0.0,implemented-or-inherited
API067,"/api/v1/preferences/layout/inventory",23.0.0,implemented-or-inherited
API068,"/api/v1/contracts/:name",23.0.0,implemented-or-inherited
API069,"/api/v1/schemas/coverage",23.0.0,implemented-or-inherited
API070,"/api/v1/timeseries/summary",23.0.0,implemented-or-inherited
API071,"/api/v1/timeseries/query",23.0.0,implemented-or-inherited
API072,"/api/v1/timeseries/:id",23.0.0,implemented-or-inherited
API073,"/api/v1/timeseries/:id/append",23.0.0,implemented-or-inherited
API074,"/api/v1/streams/catalog",23.0.0,implemented-or-inherited
API075,"/api/v1/streams/replay",23.0.0,implemented-or-inherited
API076,"/api/v1/stream/quotes",23.0.0,implemented-or-inherited
API077,"/api/v1/stream/provider-health",23.0.0,implemented-or-inherited
API078,"/api/v1/observability/overview",23.0.0,implemented-or-inherited
API079,"/api/v1/observability/metrics",23.0.0,implemented-or-inherited
API080,"/api/v1/observability/traces",23.0.0,implemented-or-inherited
API081,"/api/v1/observability/logs",23.0.0,implemented-or-inherited
API082,"/api/v1/audit",23.0.0,implemented-or-inherited
API083,"/api/v1/audit/verify",23.0.0,implemented-or-inherited
API084,"/api/v1/asset-intelligence/:id/overview",23.0.0,implemented-or-inherited
API085,"/api/v1/asset-intelligence/:id/fundamentals",23.0.0,implemented-or-inherited
API086,"/api/v1/asset-intelligence/:id/events",23.0.0,implemented-or-inherited
API087,"/api/v1/asset-intelligence/:id/filings",23.0.0,implemented-or-inherited
API088,"/api/v1/asset-intelligence/:id/peers",23.0.0,implemented-or-inherited
API089,"/api/v1/asset-intelligence/:id/technicals",23.0.0,implemented-or-inherited
API090,"/api/v1/asset-intelligence/studies",23.0.0,implemented-or-inherited
API091,"/api/v1/asset-intelligence/compare",23.0.0,implemented-or-inherited
API092,"/api/v1/asset-intelligence/compare/series",23.0.0,implemented-or-inherited
API093,"/api/v1/asset-intelligence/compare/snapshots",23.0.0,implemented-or-inherited
API094,"/api/v1/asset-intelligence/layouts",23.0.0,implemented-or-inherited
API095,"/api/v1/asset-intelligence/layouts/:id",23.0.0,implemented-or-inherited
API096,"/api/v1/asset-intelligence/:id/chart",23.0.0,implemented-or-inherited
API097,"/api/v1/asset-intelligence/:id/financials",23.0.0,implemented-or-inherited
API098,"/api/v1/asset-intelligence/:id/earnings",23.0.0,implemented-or-inherited
API099,"/api/v1/asset-intelligence/:id/estimates",23.0.0,implemented-or-inherited
API100,"/api/v1/asset-intelligence/:id/corporate-actions",23.0.0,implemented-or-inherited
API101,"/api/v1/asset-intelligence/:id/event-calendar",23.0.0,implemented-or-inherited
API102,"/api/v1/asset-intelligence/:id/filings/:filingId",23.0.0,implemented-or-inherited
API103,"/api/v1/workspace/watchlists",23.0.0,implemented-or-inherited
API104,"/api/v1/workspace/watchlists/:id",23.0.0,implemented-or-inherited
API105,"/api/v1/workspace/watchlists/:id/items",23.0.0,implemented-or-inherited
API106,"/api/v1/workspace/watchlists/:id/items/:canonicalId",23.0.0,implemented-or-inherited
API107,"/api/v1/alerts/rules",23.0.0,implemented-or-inherited
API108,"/api/v1/alerts/rules/:id",23.0.0,implemented-or-inherited
API109,"/api/v1/alerts/evaluate",23.0.0,implemented-or-inherited
API110,"/api/v1/notifications",23.0.0,implemented-or-inherited
API111,"/api/v1/notifications/:id/read",23.0.0,implemented-or-inherited
API112,"/api/v1/notifications/read-all",23.0.0,implemented-or-inherited
API113,"/api/v1/screeners/catalog",23.0.0,implemented-or-inherited
API114,"/api/v1/screeners/run",23.0.0,implemented-or-inherited
API115,"/api/v1/screeners/saved",23.0.0,implemented-or-inherited
API116,"/api/v1/screeners/saved/:id",23.0.0,implemented-or-inherited
API117,"/api/v1/portfolio/overview",23.0.0,implemented-or-inherited
API118,"/api/v1/portfolio/holdings",23.0.0,implemented-or-inherited
API119,"/api/v1/portfolio/performance",23.0.0,implemented-or-inherited
API120,"/api/v1/portfolio/risk",23.0.0,implemented-or-inherited
API121,"/api/v1/research/workspaces",23.0.0,implemented-or-inherited
API122,"/api/v1/research/workspaces/:id",23.0.0,implemented-or-inherited
API123,"/api/v1/research/workspaces/:id/items",23.0.0,implemented-or-inherited
API124,"/api/v1/onboarding/catalog",23.0.0,implemented-or-inherited
API125,"/api/v1/onboarding/profile",23.0.0,implemented-or-inherited
API126,"/api/v1/onboarding/complete",23.0.0,implemented-or-inherited
API127,"/api/v1/notification-schedules/catalog",23.0.0,implemented-or-inherited
API128,"/api/v1/notification-schedules",23.0.0,implemented-or-inherited
API129,"/api/v1/notification-schedules/:id",23.0.0,implemented-or-inherited
API130,"/api/v1/notification-schedules/run-due",23.0.0,implemented-or-inherited
API131,"/api/v1/screeners/formulas/catalog",23.0.0,implemented-or-inherited
API132,"/api/v1/screeners/formulas/run",23.0.0,implemented-or-inherited
API133,"/api/v1/portfolio/attribution",23.0.0,implemented-or-inherited
API134,"/api/v1/imports/templates",23.0.0,implemented-or-inherited
API135,"/api/v1/imports",23.0.0,implemented-or-inherited
API136,"/api/v1/imports/preview",23.0.0,implemented-or-inherited
API137,"/api/v1/imports/commit",23.0.0,implemented-or-inherited
API138,"/api/v1/imports/:id",23.0.0,implemented-or-inherited
API139,"/api/v1/research/workspaces/:id/versions",23.0.0,implemented-or-inherited
API140,"/api/v1/research/workspaces/:id/versions/:versionId",23.0.0,implemented-or-inherited
API141,"/api/v1/research/workspaces/:id/versions/:versionId/restore",23.0.0,implemented-or-inherited
API142,"/api/v1/research/version-diff",23.0.0,implemented-or-inherited
API143,"/api/v1/platform/migrations/plan",23.0.0,implemented-or-inherited
API144,"/api/v1/platform/migrations/status",23.0.0,implemented-or-inherited
