canonical_id,route,title,implementation_status,atlas_relationship
Q-A3-001,auth-login,Auth Login,implemented-local,mapped-real-route
Q-A3-002,auth-register,Auth Register,implemented-local,mapped-real-route
Q-A3-003,account-session,Account Session,implemented-local,mapped-real-route
Q-A3-004,security-setup,Security Setup,implemented-local,mapped-real-route
Q-A3-005,passkey-center,Passkey Center,implemented-local,mapped-real-route
Q-A3-006,account-recovery,Account Recovery,implemented-local,mapped-real-route
Q-A3-007,secure-import-vault,Secure Import Vault,implemented-local,mapped-real-route
Q-A3-008,delivery-operations,Delivery Operations,implemented-local,mapped-real-route
Q-A3-009,market,Market,implemented-local,mapped-real-route
Q-A3-010,rankings,Rankings,implemented-local,mapped-real-route
Q-A3-011,search,Search,implemented-local,mapped-real-route
Q-A3-012,asset,Asset,implemented-local,mapped-real-route
Q-A3-013,watchlist,Watchlist,implemented-local,mapped-real-route
Q-A3-014,theme-lab,Theme Lab,implemented-local,mapped-real-route
Q-A3-015,identity-access,Identity Access,implemented-local,mapped-real-route
Q-A3-016,data-mesh,Data Mesh,implemented-local,mapped-real-route
Q-A3-017,instrument-master,Instrument Master,implemented-local,mapped-real-route
Q-A3-018,timeseries-lab,Timeseries Lab,implemented-local,mapped-real-route
Q-A3-019,stream-operations,Stream Operations,implemented-local,mapped-real-route
Q-A3-020,observability,Observability,implemented-local,mapped-real-route
Q-A3-021,security-evidence,Security Evidence,implemented-local,mapped-real-route
Q-A3-022,discovery-hub,Discovery Hub,implemented-local,mapped-real-route
Q-A3-023,asset-rankings,Asset Rankings,implemented-local,mapped-real-route
Q-A3-024,categories,Categories,implemented-local,mapped-real-route
Q-A3-025,category-detail,Category Detail,implemented-local,mapped-real-route
Q-A3-026,venues,Venues,implemented-local,mapped-real-route
Q-A3-027,venue-detail,Venue Detail,implemented-local,mapped-real-route
Q-A3-028,dex-discovery,Dex Discovery,implemented-local,mapped-real-route
Q-A3-029,global-charts,Global Charts,implemented-local,mapped-real-route
Q-A3-030,converter,Converter,implemented-local,mapped-real-route
Q-A3-031,news-research,News Research,implemented-local,mapped-real-route
Q-A3-032,research-article,Research Article,implemented-local,mapped-real-route
Q-A3-033,trust-center,Trust Center,implemented-local,mapped-real-route
Q-A3-034,asset-intelligence,Asset Intelligence,implemented-local,mapped-real-route
Q-A3-035,advanced-chart,Advanced Chart,implemented-local,mapped-real-route
Q-A3-036,fundamentals-estimates,Fundamentals Estimates,implemented-local,mapped-real-route
Q-A3-037,filing-workspace,Filing Workspace,implemented-local,mapped-real-route
Q-A3-038,event-calendar,Event Calendar,implemented-local,mapped-real-route
Q-A3-039,comparison-lab,Comparison Lab,implemented-local,mapped-real-route
Q-A3-040,alert-center,Alert Center,implemented-local,mapped-real-route
Q-A3-041,notification-center,Notification Center,implemented-local,mapped-real-route
Q-A3-042,screener-lab,Screener Lab,implemented-local,mapped-real-route
Q-A3-043,portfolio-analytics,Portfolio Analytics,implemented-local,mapped-real-route
Q-A3-044,research-workspace,Research Workspace,implemented-local,mapped-real-route
Q-A3-045,onboarding,Onboarding,implemented-local,mapped-real-route
Q-A3-046,notification-schedules,Notification Schedules,implemented-local,mapped-real-route
Q-A3-047,formula-screener,Formula Screener,implemented-local,mapped-real-route
Q-A3-048,portfolio-attribution,Portfolio Attribution,implemented-local,mapped-real-route
Q-A3-049,import-center,Import Center,implemented-local,mapped-real-route
Q-A3-050,research-history,Research History,implemented-local,mapped-real-route
Q-A3-051,migration-center,Migration Center,implemented-local,mapped-real-route
Q-A3-052,live-markets,Live Markets,implemented-local,mapped-real-route
Q-A3-053,theme-personas,Theme Personas,implemented-local,mapped-real-route
Q-A3-054,about-qelly,About Qelly,implemented-local,mapped-real-route
Q-A3-055,feature-universe,Feature Universe,implemented-local,mapped-real-route
